original_release_year,example_no,igdb_id,name,game_type,genres,themes,game_modes,platforms,thematic_fit_score,visibility_count_score,broad_candidate_for_archetype_annotation
1970,1,11304,Highnoon,Main Game,,Action,Single player,Call-A-Computer time-shared mainframe computer system | Web browser,3.5,0.0,True
1970,2,56115,Jet Rocket,Main Game,Shooter | Simulator,Action | Open world,,Arcade,3.0,0.0,True
1970,3,76506,Game of Life,Main Game,Indie | Simulator,,Single player,BBC Microcomputer System | Bally Astrocade | PC (Microsoft Windows) | PDP-7,1.0,0.0,True
1971,1,11325,The Oregon Trail,Main Game,Adventure | Simulator | Strategy,Educational | Historical,Single player,CDC Cyber 70 | HP 2100,4.0,87.0,True
1971,2,11245,Computer Space,Main Game,Arcade | Shooter,Science fiction,Single player,Arcade,5.5,15.0,True
1971,3,11485,Star Trek,Main Game,Strategy | Turn-based strategy (TBS),Science fiction,Single player,HP 2100 | Legacy Computer | SDS Sigma 7 | Sol-20,2.0,12.0,True
1971,4,11412,Baseball,Main Game,Sport,Action,Multiplayer | Split screen,PDP-10,1.0,0.0,True
1971,5,11396,Galaxy Game,Expanded Game,Shooter,Science fiction,Multiplayer,Arcade | PDP-11,2.0,18.0,False
1971,6,351414,Freeway Crossing Program,Main Game,Simulator,,,Imlac PDS-1,0.0,0.0,False
1972,1,1333,Pong,Main Game,Arcade | Simulator | Sport,Action,Multiplayer | Single player,Arcade | Legacy Mobile Device | PC (Microsoft Windows) | Plug & Play,4.0,402.0,True
1972,2,7582,Baseball,Main Game,Sport,Action,Single player,Odyssey,2.0,18.0,True
1972,3,28363,Shooting Gallery,Main Game,Shooter,Action,Single player,Odyssey,5.5,0.0,True
1972,4,11517,Haunted House,Main Game,Adventure,Horror,Single player,Odyssey,5.0,0.0,True
1972,5,11506,Analogic,Main Game,Puzzle,,Single player,Odyssey,4.5,0.0,True
1972,6,18203,Killer Shark,Main Game,Arcade,,Single player,Arcade,4.5,0.0,True
1972,7,11533,Cat and Mouse,Main Game,Arcade,,Single player,Odyssey,4.0,0.0,True
1972,8,11505,Simon Says,Main Game,Point-and-click,Educational | Kids,Single player,Odyssey,4.0,0.0,True
1972,9,11531,States,Main Game,Point-and-click,Educational,Single player,Odyssey,4.0,0.0,True
1972,10,109451,Dogfight!,Main Game,Shooter,,,Odyssey,3.0,0.0,True
1972,11,109452,Prehistoric Safari,Main Game,Shooter,,,Odyssey,3.0,0.0,True
1972,12,109450,Shootout!,Main Game,Shooter,,,Odyssey,3.0,0.0,True
1972,13,11497,Empire,Main Game,Turn-based strategy (TBS),"4X (explore, expand, exploit, and exterminate) | Warfare",Single player,HP 2100,2.0,0.0,True
1972,14,18360,Fun Zoo,Main Game,,,Single player,Odyssey,2.0,0.0,True
1972,15,11521,Roulette,Main Game,,,Single player,Odyssey,2.0,0.0,True
1973,1,11552,Space Race,Main Game,Arcade | Racing,Science fiction,Multiplayer,Arcade,3.0,27.0,True
1973,2,11498,Hunt the Wumpus,Main Game,Adventure | Puzzle,Fantasy,Single player,Microcomputer,5.5,15.0,True
1973,3,7430,Maze,Main Game,Shooter,Action,Multiplayer | Single player,Imlac PDS-1 | PDP-10,5.5,0.0,True
1973,4,18585,Hockey,Main Game,Arcade,Action,Multiplayer,Arcade,4.5,0.0,True
1973,5,18344,Basketball (1973),Main Game,Arcade | Sport,Action,Single player,Odyssey,4.0,0.0,True
1973,6,39712,Laser Clay Shooting System,Main Game,Arcade | Shooter,Action,,Arcade,4.0,0.0,True
1973,7,11518,Empire,Main Game,Real Time Strategy (RTS) | Shooter | Strategy,Science fiction,Multiplayer,PLATO,3.0,0.0,True
1973,8,7427,Gotcha,Main Game,Arcade | Puzzle | Strategy,Action,Multiplayer,Arcade,3.0,0.0,True
1973,9,172593,Astro Race,Main Game,Arcade | Racing,Action | Science fiction,Multiplayer,Arcade,2.5,0.0,True
1973,10,170846,Leader,Main Game,Arcade | Sport,,,Arcade,2.0,0.0,True
1973,11,18154,Pong Doubles,Main Game,Arcade | Sport,,Multiplayer,Arcade | Plug & Play,2.0,0.0,True
1973,12,16975,Trek73,Main Game,Simulator,Science fiction,Single player,DOS | HP 2100 | Linux,2.0,0.0,True
1973,13,130946,Winner,Main Game,Arcade | Sport,,Multiplayer,Arcade,2.0,0.0,True
1973,14,170781,Asteroid,Main Game,,,,Arcade,1.0,0.0,True
1973,15,41540,Brain Wave,Main Game,,,,Odyssey,1.0,0.0,True
1974,1,7428,Tank,Main Game,Arcade,Action,Multiplayer,Arcade,4.5,15.0,True
1974,2,172546,Attack UFO,Main Game,Arcade | Shooter,Action | Science fiction,Multiplayer | Single player,Arcade,5.5,0.0,True
1974,3,18159,Clean Sweep,Main Game,Arcade,Action,Multiplayer | Single player,AY-3-8606 | Arcade,5.5,0.0,True
1974,4,11511,Qwak!,Main Game,Arcade | Shooter,Action,Single player,Arcade,5.5,0.0,True
1974,5,80032,Wander,Main Game,Adventure | Indie,Fantasy,Single player,DOS | Legacy Computer,5.5,0.0,True
1974,6,16980,Wild Gunman,Main Game,Arcade | Shooter,Action | Historical,Single player,Arcade,5.5,0.0,True
1974,7,63847,Balloon Gun,Main Game,Shooter,Action,,Arcade,4.5,0.0,True
1974,8,225597,Touch Me,Main Game,Arcade,,Single player,Arcade,4.5,0.0,True
1974,9,18160,Wipe Out,Main Game,Arcade,Action,Multiplayer | Single player,Arcade,4.5,0.0,True
1974,10,7429,Gran Trak 10,Main Game,Arcade | Racing,Action,Single player,Arcade,4.0,0.0,True
1974,11,79040,Quadrapong,Main Game,Arcade | Sport,Action,Multiplayer | Single player,Arcade,4.0,0.0,True
1974,12,16977,Rebound,Main Game,Arcade | Sport,Action,Multiplayer | Single player,Arcade,4.0,0.0,True
1974,13,170425,Wheels,Main Game,Arcade | Racing,Action,Single player,Arcade,4.0,0.0,True
1974,14,174658,Gran Trak 20,Main Game,Arcade | Racing,Action,Multiplayer,Arcade,3.0,0.0,True
1974,15,18155,Pin Pong,Main Game,Arcade | Pinball | Simulator,,Single player,Arcade,3.0,0.0,True
1975,1,85868,Gun Fight,Main Game,Arcade | Shooter,Action,Multiplayer,Arcade | Bally Astrocade,4.5,27.0,True
1975,2,11553,Anti-Aircraft,Main Game,Arcade | Shooter,Action | Warfare,Multiplayer | Single player,Arcade,5.5,0.0,True
1975,3,91358,Avenger,Main Game,Arcade | Shooter,Action,Single player,Arcade,5.5,0.0,True
1975,4,110821,Fire Power,Main Game,Arcade | Shooter,Action,Single player,Arcade,5.5,0.0,True
1975,5,13251,Jet Fighter,Main Game,Arcade | Shooter,Action | Warfare,Multiplayer | Single player,Arcade,5.5,0.0,True
1975,6,110851,Maneater,Main Game,Arcade,Action,Multiplayer | Single player,Arcade,5.5,0.0,True
1975,7,18202,Shark Jaws,Main Game,Arcade,Horror,Single player,Arcade,5.5,0.0,True
1975,8,80016,The Dungeon,Main Game,Role-playing (RPG),Fantasy,Single player,PLATO,5.5,0.0,True
1975,9,146632,The Game of Dungeons,Main Game,Role-playing (RPG),Fantasy,Single player,PLATO,5.5,0.0,True
1975,10,110855,UFO Chase,Main Game,Arcade | Shooter,Action | Science fiction,Single player,Arcade,5.5,0.0,True
1975,11,110885,BiPlane,Main Game,Arcade | Shooter,Action,,Arcade,4.5,0.0,True
1975,12,13535,Crossfire,Main Game,Arcade | Shooter,Action,Multiplayer,Arcade,4.5,0.0,True
1975,13,109590,Drop Zone 4,Main Game,Arcade | Shooter,Action | Warfare,Single player,Arcade,4.5,0.0,True
1975,14,11514,Western Gun,Main Game,Arcade | Shooter,Action | Historical,Multiplayer,Arcade,4.5,0.0,True
1975,15,11554,Crash 'N Score,Main Game,Arcade | Racing,Action,Multiplayer | Single player,Arcade,4.0,0.0,True
1976,1,2754,Breakout,Main Game,Arcade,Action | Science fiction,Multiplayer | Single player,AY-3-8606 | Arcade | Atari 2600 | MSX,5.5,147.0,True
1976,2,18649,Night Driver,Main Game,Arcade | Racing,Action,Single player,Arcade | Atari 2600 | Commodore C64/128/MAX,4.0,39.0,True
1976,3,25115,Colossal Cave Adventure,Main Game,Adventure,Fantasy,Single player,PDP-10 | PDP-11,5.5,24.0,True
1976,4,18118,Blockade,Main Game,Arcade | Puzzle | Strategy,,Multiplayer | Single player,Arcade,3.0,18.0,True
1976,5,8561,Death Race,Main Game,Arcade | Racing,Action,Multiplayer | Single player | Split screen,Arcade,4.0,15.0,True
1976,6,18115,Amazing Maze,Main Game,Arcade | Puzzle,Action,Multiplayer | Single player,Arcade,5.5,0.0,True
1976,7,40278,Cops 'N Robbers,Main Game,Arcade | Shooter,Action,Multiplayer | Single player,Arcade,5.5,0.0,True
1976,8,383267,Dungeon,Main Game,Role-playing (RPG),Fantasy,Single player,PDP-10,5.5,0.0,True
1976,9,113994,Outlaw,Main Game,Arcade | Shooter,Action,Single player,Arcade,5.5,0.0,True
1976,10,17241,Sea Wolf,Main Game,Arcade | Shooter,Action | Warfare,Multiplayer | Single player,Arcade | Commodore C64/128/MAX | Commodore VIC-20,5.5,0.0,True
1976,11,28364,Starship 1,Main Game,Arcade,Science fiction,Single player,Arcade,5.5,0.0,True
1976,12,113933,Tank 8,Main Game,Arcade | Shooter,Action,Multiplayer | Single player,Arcade,5.5,0.0,True
1976,13,249277,Ace,Main Game,Arcade | Shooter,Action | Warfare,Multiplayer | Single player,Arcade,4.5,0.0,True
1976,14,172525,Heavyweight Champ,Main Game,Arcade | Fighting,,Single player,Arcade,4.5,0.0,True
1976,15,40335,Lazer Command,Main Game,Arcade | Shooter,Action,Multiplayer,Arcade,4.5,0.0,True
1977,1,16759,Combat,Main Game,Arcade | Shooter,Action | Warfare,Multiplayer,Atari 2600,4.5,96.0,True
1977,2,1944,Zork,Main Game,Adventure,Fantasy,Single player,Amiga | Amstrad CPC | Amstrad PCW | Apple II | Atari 8-bit | Atari ST/STE | Commodore 16 | Commodore C64/128/MAX | Commodore Plus/4 | DOS | Mac | PC-9800 Series | PDP-10 | PDP-11 | TRS-80 | TRS-80 Color Computer | Tatung Einstein,5.5,78.0,True
1977,3,11859,Air-Sea Battle,Main Game,Shooter,Action | Warfare,Multiplayer | Single player,Atari 2600 | PC (Microsoft Windows),5.5,72.0,True
1977,4,54790,Indy 500,Main Game,Racing,Action,Multiplayer | Single player,Atari 2600,2.0,33.0,True
1977,5,49118,Street Racer,Main Game,Racing,Party,Multiplayer | Single player,Atari 2600,1.0,33.0,True
1977,6,18424,Star Ship,Main Game,Shooter,Action | Science fiction,Single player,Atari 2600,5.5,27.0,True
1977,7,18002,Surround,Main Game,Arcade,Action,Multiplayer | Single player,Atari 2600,5.5,24.0,True
1977,8,17258,Basic Math,Main Game,Puzzle,Educational,Single player,Atari 2600,4.0,24.0,True
1977,9,17017,Canyon Bomber,Main Game,Arcade | Shooter,Warfare,Multiplayer | Single player,Arcade,5.5,21.0,True
1977,10,41530,Blackjack,Main Game,Card & Board Game,,Multiplayer | Single player,Atari 2600,1.0,21.0,True
1977,11,64773,Bazooka,Main Game,Arcade | Shooter,Action | Warfare,Single player,Arcade,5.5,0.0,True
1977,12,18608,Boot Hill,Main Game,Arcade | Shooter,Action,Multiplayer | Single player,Arcade,5.5,0.0,True
1977,13,144521,Oubliette,Main Game,Hack and slash/Beat 'em up | Role-playing (RPG),Fantasy,Multiplayer | Single player,PLATO,5.5,0.0,True
1977,14,41212,"Videocart-10: Maze, Cat and Mouse",Main Game,Platform | Puzzle,Action,Multiplayer | Single player,Fairchild Channel F,5.5,0.0,True
1977,15,41209,"Videocart-13: Robot War, Torpedo Alley",Main Game,Arcade,Action,Multiplayer | Single player,Fairchild Channel F,5.5,0.0,True
1978,1,3601,Space Invaders,Main Game,Arcade | Shooter,Science fiction,Single player,Arcade | Handheld Electronic LCD | Legacy Mobile Device | iOS,5.5,525.0,True
1978,2,12321,Super Breakout,Main Game,Arcade,,Multiplayer | Single player,Arcade,4.5,55.0,True
1978,3,18407,Basketball,Main Game,Sport,Action,Multiplayer | Single player,Atari 2600 | Atari 8-bit,2.0,42.0,True
1978,4,17025,Human Cannonball,Main Game,Arcade | Strategy,Action | Comedy,Multiplayer | Single player,Atari 2600,4.0,30.0,True
1978,5,16970,Sky Diver,Main Game,Arcade | Sport,Action,Multiplayer | Single player,Arcade,4.0,27.0,True
1978,6,17259,Hangman,Main Game,Puzzle | Strategy,Educational,Single player,Atari 2600,3.0,27.0,True
1978,7,18414,Home Run,Main Game,Sport,,Multiplayer | Single player,Atari 2600,1.0,24.0,True
1978,8,2298,Adventureland,Main Game,Adventure | Puzzle,Fantasy,Single player,Acorn Electron | Apple II | Atari 8-bit | BBC Microcomputer System | Commodore C64/128/MAX | Commodore PET | Commodore VIC-20 | Dragon 32/64 | FM-7 | PC-8800 Series | PC-9800 Series | TRS-80 | TRS-80 Color Computer | Texas Instruments TI-99 | ZX Spectrum,5.5,21.0,True
1978,9,2873,Beneath Apple Manor,Main Game,Role-playing (RPG),Fantasy,Single player,Apple II | Atari 8-bit | DOS,5.5,18.0,True
1978,10,18512,Pirate Adventure,Main Game,Adventure | Puzzle,,Single player,Acorn Electron | Apple II | Atari 8-bit | BBC Microcomputer System | Commodore 16 | Commodore C64/128/MAX | Commodore PET | Commodore Plus/4 | Commodore VIC-20 | FM-7 | PC-8800 Series | PC-9800 Series | TRS-80 | TRS-80 Color Computer | Texas Instruments TI-99 | ZX Spectrum,4.5,15.0,True
1978,11,17024,Flag Capture,Main Game,Puzzle | Strategy,Action,Multiplayer | Single player,Atari 2600,4.0,15.0,True
1978,12,143172,Fire Truck,Main Game,Arcade | Racing,,Single player,Arcade,3.0,15.0,True
1978,13,18422,Slot Racers,Main Game,Racing,Action,Multiplayer,Atari 2600,1.0,15.0,True
1978,14,2296,Acheton,Main Game,Adventure,Fantasy,Single player,Acorn Archimedes | Amstrad CPC | Amstrad PCW | BBC Microcomputer System | Call-A-Computer time-shared mainframe computer system | DOS | ZX Spectrum,5.5,0.0,True
1978,15,93234,Armored Encounter! / Sub Chase!,Main Game,Arcade,Action,Single player,Odyssey 2 / Videopac G7000,5.5,0.0,True
1979,1,7758,Asteroids,Main Game,Arcade | Shooter,Action | Science fiction,Multiplayer | Single player,Apple II | Arcade,5.5,250.0,True
1979,2,4614,Galaxian,Main Game,Arcade | Shooter,Science fiction,Multiplayer | Single player,Arcade,5.5,241.0,True
1979,3,18711,Superman,Main Game,Arcade,Action,Single player,Atari 2600,5.5,72.0,True
1979,4,2417,Akalabeth: World of Doom,Main Game,Role-playing (RPG),Fantasy,Single player,Apple II,5.5,69.0,True
1979,5,11854,3-D Tic-Tac-Toe,Main Game,Strategy,,Multiplayer | Single player,Atari 2600 | Atari 8-bit | TRS-80,1.0,39.0,True
1979,6,18005,Bowling,Main Game,Sport,Party,Multiplayer | Single player,Atari 2600,1.0,24.0,True
1979,7,18740,Space Battle,Main Game,Shooter,Action | Science fiction,Single player,Atari 2600 | Intellivision,5.5,21.0,True
1979,8,18415,Miniature Golf,Main Game,Simulator | Sport | Strategy,Action,Multiplayer | Single player,Atari 2600,2.0,21.0,True
1979,9,68778,Dunjonquest: Temple of Apshai,Main Game,Role-playing (RPG),Action | Fantasy,Single player,Apple II | Atari 8-bit | Commodore C64/128/MAX | Commodore PET | Commodore VIC-20 | DOS | TRS-80,5.5,18.0,True
1979,10,40007,Lunar Rescue,Main Game,Arcade,Action | Science fiction,Single player,Arcade,5.5,15.0,True
1979,11,18517,Voodoo Castle,Main Game,Adventure | Puzzle,Horror,Single player,Acorn Electron | Apple II | Atari 8-bit | BBC Microcomputer System | Commodore C64/128/MAX | Commodore VIC-20 | FM-7 | PC-8800 Series | PC-9800 Series | TRS-80 | TRS-80 Color Computer | Texas Instruments TI-99 | ZX Spectrum,5.5,15.0,True
1979,12,18521,Pyramid of Doom,Main Game,Adventure | Puzzle,Mystery,Single player,Acorn Electron | Apple II | Atari 8-bit | BBC Microcomputer System | Commodore C64/128/MAX | Dragon 32/64 | TRS-80 | TRS-80 Color Computer | Texas Instruments TI-99,4.5,15.0,True
1979,13,64077,Deluxe Space Invaders,Main Game,Shooter | Strategy,Science fiction | Survival,Single player,Arcade,4.0,15.0,True
1979,14,18004,Video Chess,Main Game,Card & Board Game | Strategy,Non-fiction,Multiplayer | Single player,Atari 2600,1.0,15.0,True
1979,15,23049,Astro Fighter,Main Game,Arcade | Shooter,Action | Science fiction,Single player,Arcade,5.5,4.0,True
1980,1,2750,Pac-Man,Main Game,Arcade,Action | Survival,Single player,Arcade,5.5,793.0,True
1980,2,12313,Missile Command,Main Game,Arcade | Shooter,Action | Science fiction | Warfare,Multiplayer | Single player,Arcade | Atari ST/STE | Commodore C64/128/MAX,5.5,149.0,True
1980,3,8253,Adventure,Main Game,Adventure,Fantasy,Single player,Atari 2600,5.5,123.0,True
1980,4,2391,Berzerk,Main Game,Shooter | Simulator,Action | Science fiction,Single player,Arcade,4.0,73.0,True
1980,5,2872,Rogue,Main Game,Adventure | Role-playing (RPG) | Strategy,Fantasy,Single player,Amiga | Amstrad CPC | Atari 8-bit | Atari ST/STE | Commodore C64/128/MAX | DOS | Mac | PC (Microsoft Windows) | PC-8800 Series | PDP-11 | TRS-80 Color Computer | ZX Spectrum,4.0,72.0,True
1980,6,12916,Battlezone,Main Game,Arcade | Shooter | Simulator,Action | Warfare,Single player,Apple II | Arcade | Atari 8-bit | Atari Lynx | Atari ST/STE | Commodore C64/128/MAX | Commodore VIC-20 | DOS | ZX Spectrum,4.0,71.0,True
1980,7,7743,Wizard of Wor,Main Game,Arcade | Shooter | Strategy,Action | Fantasy | Horror,Co-operative | Multiplayer | Single player,Arcade | Bally Astrocade | Commodore C64/128/MAX,4.0,60.0,True
1980,8,55103,Boxing,Main Game,Fighting | Sport,Action,Multiplayer | Single player,Atari 2600,4.0,51.0,True
1980,9,18473,Phoenix,Main Game,Arcade | Shooter,Action | Science fiction,Multiplayer | Single player,Arcade,5.5,49.0,True
1980,10,4611,Crazy Climber,Main Game,Arcade | Platform,Action,Multiplayer | Single player,Arcade | Atari 2600 | Family Computer | PlayStation | Sharp X68000 | Wii,5.5,45.0,True
1980,11,2217,Star Raiders,Main Game,Shooter | Simulator,Action | Science fiction,Single player,Atari 5200 | Atari 8-bit | Atari ST/STE,4.0,45.0,True
1980,12,2479,Mystery House,Main Game,Adventure,Mystery | Thriller,Single player,Apple II | FM-7 | PC-8800 Series | PC-9800 Series | iOS,5.5,42.0,True
1980,13,17251,Warlords,Main Game,Arcade | Shooter,Action | Fantasy,Multiplayer | Single player,Arcade,5.5,39.0,True
1980,14,17020,Dodge 'Em,Main Game,Arcade | Racing,Action,Multiplayer | Single player,Atari 2600,4.0,39.0,True
1980,15,18105,Fishing Derby,Main Game,Arcade | Simulator | Sport,Action,Multiplayer | Single player,Atari 2600,4.0,36.0,True
1981,1,1086,Donkey Kong,Main Game,Arcade | Platform,Action,Single player,Arcade,5.5,636.0,True
1981,2,2751,Galaga,Main Game,Arcade | Shooter,Science fiction,Multiplayer | Single player,Arcade | FM-7 | MSX | PC-9800 Series | Sharp X1 | Xbox 360,5.5,371.0,True
1981,3,6795,Frogger,Main Game,Arcade | Platform,Action | Survival,Multiplayer | Single player,Arcade,5.5,240.0,True
1981,4,2235,Centipede,Main Game,Arcade | Shooter,Action | Science fiction,Multiplayer | Single player,Arcade | Web browser,5.5,191.0,True
1981,5,3873,Defender,Main Game,Shooter | Strategy,Action | Science fiction,Multiplayer | Single player,Arcade | Mac | Web browser,4.0,106.0,True
1981,6,7414,Ultima,Main Game,Role-playing (RPG),Fantasy | Open world,Single player,Apple II | Atari 8-bit,5.5,90.0,True
1981,7,15383,Tempest,Main Game,Arcade | Shooter,Action | Science fiction,Multiplayer | Single player,Acorn Electron | Amstrad CPC | Arcade | Atari ST/STE | BBC Microcomputer System | ZX Spectrum,5.0,71.0,True
1981,8,2727,Castle Wolfenstein,Main Game,Shooter,Action | Historical | Stealth,Single player,Apple II | Atari 8-bit | Commodore C64/128/MAX | DOS,5.5,66.0,True
1981,9,1475,Scramble,Main Game,Arcade | Shooter,Science fiction,Multiplayer | Single player,Arcade | Vectrex | Xbox 360,5.5,56.0,True
1981,10,12309,Kaboom!,Main Game,Arcade,Action,Multiplayer | Single player,Atari 2600 | Atari 5200 | Atari 8-bit,5.5,54.0,True
1981,11,2863,Wizardry: Proving Grounds of the Mad Overlord,Main Game,Role-playing (RPG),Fantasy,Single player,Apple II | DOS,5.5,51.0,True
1981,12,1945,Zork II: The Wizard of Frobozz,Main Game,Adventure,Fantasy,Single player,Amiga | Amstrad CPC | Amstrad PCW | Apple II | Atari 8-bit | Atari ST/STE | Commodore 16 | Commodore C64/128/MAX | Commodore Plus/4 | DOS | Mac | PDP-11 | TRS-80 | TRS-80 Color Computer | Tatung Einstein,5.5,51.0,True
1981,13,12266,Qix,Main Game,Arcade | Puzzle,Action,Multiplayer | Single player,Arcade,5.5,48.0,True
1981,14,17459,Stargate,Main Game,Arcade | Shooter,Action | Science fiction,Single player,Arcade | Web browser,5.5,42.0,True
1981,15,12307,Gorf,Main Game,Shooter,Action | Science fiction,Multiplayer | Single player,Arcade | Atari 2600 | Atari Jaguar | BBC Microcomputer System | ColecoVision | Commodore C64/128/MAX | Commodore VIC-20,5.5,37.0,True
1982,1,5411,Pitfall!,Main Game,Adventure | Platform,Action,Single player,Atari 2600 | Atari 5200 | Atari 8-bit | ColecoVision | Commodore C64/128/MAX | Intellivision | Legacy Mobile Device | MSX | PC (Microsoft Windows) | Windows Phone | Xbox 360,5.5,294.0,True
1982,2,7452,Ms. Pac-Man,Main Game,Arcade,Action,Multiplayer | Single player,Apple II | Arcade | Atari 8-bit | Commodore C64/128/MAX | Commodore VIC-20 | DOS | Sega Game Gear | Sega Master System/Mark III | Texas Instruments TI-99 | Xbox 360 | ZX Spectrum,5.5,278.0,True
1982,3,2636,Dig Dug,Main Game,Arcade,Action,Multiplayer | Single player,Arcade | Xbox 360,5.5,265.0,True
1982,4,1087,Donkey Kong Junior,Main Game,Arcade | Platform,Action,Single player,Arcade,5.5,228.0,True
1982,5,4619,Popeye,Main Game,Arcade | Platform,Action | Comedy,Multiplayer | Single player,Arcade,5.5,138.0,True
1982,6,1980,Q*bert,Main Game,Arcade | Platform | Puzzle,Action | Comedy,Multiplayer | Single player,Arcade | PlayStation 3,5.5,131.0,True
1982,7,6706,E.T. the Extra-Terrestrial,Main Game,Adventure | Strategy,Action | Science fiction,Single player,Atari 2600,4.0,126.0,True
1982,8,5691,Pole Position,Main Game,Arcade | Racing | Sport,Action,Single player,Arcade | Atari 5200 | Atari 8-bit | BBC Microcomputer System | Commodore C64/128/MAX | Commodore VIC-20 | DOS | Intellivision | Texas Instruments TI-99 | Vectrex | ZX Spectrum,4.0,124.0,True
1982,9,4609,BurgerTime,Main Game,Arcade | Puzzle | Strategy,Business | Comedy,Single player | Split screen,Apple II | Arcade | ColecoVision | DOS | Intellivision | MSX | PC-8800 Series | Sharp MZ-2200 | Sharp X1 | Texas Instruments TI-99,4.0,120.0,True
1982,10,5693,River Raid,Main Game,Arcade | Racing | Shooter,Action,Single player,Atari 2600 | Atari 5200 | Atari 8-bit | ColecoVision | Commodore C64/128/MAX | DOS | Intellivision | Legacy Mobile Device | MSX | PC (Microsoft Windows) | Xbox 360 | ZX Spectrum,4.0,117.0,True
1982,11,3659,Joust,Main Game,Arcade | Fighting | Platform,Action,Multiplayer | Single player,Arcade | PlayStation 3 | Xbox 360,5.5,107.0,True
1982,12,12346,Xevious,Main Game,Arcade | Shooter,Action | Science fiction,Multiplayer | Single player,Amstrad CPC | Apple II | Arcade | Atari 2600 | Atari 5200 | Atari 7800 | Atari ST/STE | Commodore C64/128/MAX | FM-7 | PC-8800 Series | PC-9800 Series | Sharp X1 | Wii | Xbox 360 | ZX Spectrum,5.5,89.0,True
1982,13,4604,Millipede,Main Game,Arcade | Shooter,Action,Multiplayer | Single player,Arcade | Atari 8-bit | Atari ST/STE | PC (Microsoft Windows) | Web browser,5.5,85.0,True
1982,14,4618,Pooyan,Main Game,Arcade | Puzzle | Shooter,Action,Multiplayer | Single player,Apple II | Arcade | Atari 2600 | Atari 8-bit | Commodore C64/128/MAX | Family Computer | MSX | Nintendo Entertainment System | TRS-80 Color Computer | Wii | Wii U,5.5,81.0,True
1982,15,12314,Moon Patrol,Main Game,Arcade | Shooter,Action | Science fiction,Multiplayer | Single player,Apple II | Arcade | Atari 2600 | Atari ST/STE | Commodore C64/128/MAX | Commodore VIC-20 | DOS | MSX | Texas Instruments TI-99,5.5,76.0,True
1983,1,3105,Mario Bros.,Main Game,Arcade | Platform,Action,Co-operative | Multiplayer | Single player,Arcade,5.5,336.0,True
1983,2,4603,Lode Runner,Main Game,Platform | Puzzle,Action | Science fiction,Single player,Amstrad CPC | Apple II | Arcade | Atari 8-bit | Atari ST/STE | BBC Microcomputer System | Commodore C64/128/MAX | Commodore VIC-20 | DOS | FM-7 | MSX | Mac | NEC PC-6000 Series | PC-8800 Series | PC-9800 Series | SG-1000 | Sharp X1 | Windows Phone | WonderSwan | ZX Spectrum,5.5,160.0,True
1983,3,4248,Dragon's Lair,Main Game,Adventure | Arcade,Action | Fantasy,Single player,3DO Interactive Multiplayer | Amiga | Android | Arcade | Atari Jaguar | Atari Jaguar CD | Atari ST/STE | Blu-ray Player | DOS | DVD Player | Mac | Philips CD-i | PlayStation 3 | Sega CD | Xbox 360 | iOS,5.5,144.0,True
1983,4,4599,Elevator Action,Main Game,Arcade | Platform | Shooter,Action | Stealth,Multiplayer | Single player,Amstrad CPC | Arcade | Atari 2600 | Commodore C64/128/MAX | FM-7 | MSX | PC-8800 Series | Sharp X1 | ZX Spectrum,5.5,136.0,True
1983,5,4592,Antarctic Adventure,Main Game,Arcade | Platform | Racing,Action,Multiplayer | Single player,ColecoVision | Family Computer | MSX | Wii | Wii U,4.0,126.0,True
1983,6,4167,Spy Hunter,Main Game,Arcade | Racing | Shooter,Action,Multiplayer | Single player,Amstrad CPC | Apple II | Arcade | Atari 2600 | Atari 8-bit | BBC Microcomputer System | ColecoVision | Commodore C64/128/MAX | DOS | ZX Spectrum,4.0,118.0,True
1983,7,1088,Donkey Kong 3,Main Game,Arcade | Platform | Shooter,Action,Single player,Arcade,5.5,111.0,True
1983,8,2710,Mappy,Main Game,Platform | Puzzle | Strategy,Action,Multiplayer | Single player,Arcade | FM-7 | MSX | NEC PC-6000 Series | PC-8800 Series | Sega Game Gear | Sharp X1 | Wii | Wii U | iOS,4.0,111.0,True
1983,9,5539,Archon,Main Game,Strategy | Tactical,Action | Fantasy,Multiplayer | Single player,Amiga | Amstrad CPC | Apple II | Atari 8-bit | Commodore C64/128/MAX | DOS | FM-7 | Mac | PC (Microsoft Windows) | PC-8800 Series | Sharp X1 | ZX Spectrum,2.0,90.0,True
1983,10,12308,Gyruss,Main Game,Arcade | Shooter,Action | Science fiction,Multiplayer | Single player,Arcade | Xbox 360,5.5,74.0,True
1983,11,7580,Baseball,Main Game,Sport,Action,Co-operative | Multiplayer | Single player,Arcade | Family Computer | Family Computer Disk System | Nintendo Entertainment System | Wii | Wii U,2.0,72.0,True
1983,12,12858,Star Wars,Main Game,Arcade | Shooter,Action | Science fiction,Single player,Acorn Electron | Amiga | Amstrad CPC | Arcade | Atari 2600 | Atari 5200 | Atari 8-bit | Atari ST/STE | BBC Microcomputer System | ColecoVision | Commodore C64/128/MAX | DOS | Mac | ZX Spectrum,5.5,67.0,True
1983,13,5454,Space Ace,Main Game,Adventure | Arcade | Shooter,Action | Science fiction,Single player,3DO Interactive Multiplayer | Amiga | Apple II | Apple IIGS | Arcade | Atari Jaguar | Atari Jaguar CD | Atari ST/STE | DOS | Mac | Nintendo DSi | Philips CD-i | PlayStation 3 | Sega CD | Super Nintendo Entertainment System,5.5,66.0,True
1983,14,2867,Ultima III: Exodus,Main Game,Role-playing (RPG),Fantasy,Single player,Amiga | Apple II | Atari 8-bit | Atari ST/STE | Commodore C64/128/MAX | DOS | FM-7 | MSX | Mac | Nintendo Entertainment System | PC-8800 Series | PC-9800 Series | Sharp X1,5.5,66.0,True
1983,15,23860,Alley Cat,Main Game,Arcade | Platform,Action,Single player,Atari 8-bit | DOS | PC-8800 Series,5.5,63.0,True
1984,1,2741,Duck Hunt,Main Game,Arcade | Shooter,Action | Comedy,Multiplayer | Single player,Arcade | Family Computer | Nintendo Entertainment System | Wii U,5.5,714.0,True
1984,2,4600,Excitebike,Main Game,Arcade | Racing | Sport,Action | Non-fiction,Multiplayer | Single player,Arcade | Family Computer | Nintendo Entertainment System | Wii | Wii U,4.0,534.0,True
1984,3,11762,Paperboy,Main Game,Arcade | Racing | Simulator,Action | Comedy,Single player,Acorn Electron | Amiga | Amstrad CPC | Apple II | Apple IIGS | Arcade | Atari ST/STE | BBC Microcomputer System | Commodore 16 | Commodore C64/128/MAX | Commodore Plus/4 | DOS | Legacy Mobile Device | Xbox 360 | ZX Spectrum | iOS,4.0,302.0,True
1984,4,6075,1942,Main Game,Arcade | Shooter,Action | Warfare,Co-operative | Single player,Amstrad CPC | Arcade | Commodore C64/128/MAX | FM-7 | MSX | MSX2 | PC-8800 Series | PlayStation 3 | Sharp X1 | Wii | ZX Spectrum,5.5,292.0,True
1984,5,2246,Marble Madness,Main Game,Arcade | Puzzle,Action,Multiplayer | Single player,Arcade | FM Towns | PC-9800 Series | Sega Mega Drive/Genesis | Sharp X68000,5.5,219.0,True
1984,6,25692,Circus Charlie,Main Game,Arcade | Platform,Action,Multiplayer | Single player,Arcade | Commodore C64/128/MAX | Family Computer | MSX | Nintendo Entertainment System,5.5,180.0,True
1984,7,4607,Road Fighter,Main Game,Arcade | Racing,Action,Multiplayer | Single player,Arcade | Family Computer | MSX | Nintendo Entertainment System | SG-1000 | Wii,4.0,159.0,True
1984,8,2901,Spartan X,Main Game,Hack and slash/Beat 'em up,Action,Multiplayer | Single player,Arcade,5.5,153.0,True
1984,9,18170,Yie Ar Kung-Fu,Main Game,Arcade | Fighting,Action,Multiplayer | Single player,Amstrad CPC | Arcade | BBC Microcomputer System | Commodore 16 | Commodore C64/128/MAX | Family Computer | MSX | Wii | Wii U | Xbox 360 | ZX Spectrum,5.5,133.0,True
1984,10,6054,Ghostbusters,Main Game,Arcade,Fantasy | Science fiction,Single player,Amstrad CPC | Apple II | Atari 2600 | Atari 8-bit | Commodore C64/128/MAX | DOS | MSX | Sega Master System/Mark III | ZX Spectrum,5.5,121.0,True
1984,11,4601,Hogan's Alley,Main Game,Arcade | Shooter,Action,Multiplayer | Single player,Arcade | Family Computer | Nintendo Entertainment System | Wii U,5.5,114.0,True
1984,12,74548,Tennis,Main Game,Sport,Non-fiction,Co-operative | Multiplayer | Single player,Arcade | Family Computer | Family Computer Disk System | Nintendo Entertainment System | PC-8800 Series | Sharp X1 | Wii | Wii U,1.0,114.0,True
1984,13,892,King's Quest: Quest for the Crown,Main Game,Adventure | Puzzle,Fantasy,Single player,Amiga | Apple II | Apple IIGS | Atari ST/STE | DOS | Mac | PC (Microsoft Windows) | Sega Master System/Mark III,5.5,111.0,True
1984,14,4625,Wild Gunman,Main Game,Arcade | Shooter,Action,Single player,Arcade | Family Computer | Nintendo Entertainment System | Wii U,4.5,106.0,True
1984,15,12942,Boulder Dash,Main Game,Arcade | Platform | Puzzle,Action,Single player,Atari 8-bit,5.5,105.0,True
1985,1,358,Super Mario Bros.,Main Game,Adventure | Platform,Action,Multiplayer | Single player,Arcade | Family Computer | Family Computer Disk System | Nintendo 3DS | Nintendo Entertainment System | Wii | Wii U,5.5,3909.0,True
1985,2,6807,Ghosts 'n Goblins,Main Game,Adventure | Arcade | Platform | Shooter,Action | Fantasy,Multiplayer | Single player,Amiga | Amstrad CPC | Arcade | Atari ST/STE | Commodore C64/128/MAX | DOS | ZX Spectrum,5.5,319.0,True
1985,3,4596,Battle City,Main Game,Fighting | Puzzle | Shooter,Action,Multiplayer | Single player,Arcade | FM-7 | Family Computer | Nintendo 3DS | Nintendo Entertainment System | Sharp X1 | Wii | Wii U,5.5,297.0,True
1985,4,5668,Commando,Main Game,Shooter,Action | Warfare,Multiplayer | Single player,Acorn Electron | Amiga | Amstrad CPC | Apple II | Arcade | Atari 7800 | Atari ST/STE | BBC Microcomputer System | Commodore 16 | Commodore C64/128/MAX | Commodore Plus/4 | DOS | FM-7 | Intellivision | MSX | PC-8800 Series | Wii | ZX Spectrum,5.5,172.0,True
1985,5,3502,Gauntlet,Main Game,Arcade | Hack and slash/Beat 'em up,Action | Fantasy,Multiplayer | Single player,Amstrad CPC | Apple II | Apple IIGS | Arcade | Atari 8-bit | Atari ST/STE | Commodore C64/128/MAX | DOS | MSX | Mac | Sega Master System/Mark III | Xbox 360 | ZX Spectrum,5.5,153.0,True
1985,6,1476,Gradius,Main Game,Arcade | Shooter,Action | Science fiction,Multiplayer | Single player,Arcade | Sharp X68000,5.5,148.0,True
1985,7,2878,Ultima IV: Quest of the Avatar,Main Game,Role-playing (RPG),Fantasy | Open world,Single player,Apple II,5.5,114.0,True
1985,8,12857,Space Harrier,Main Game,Arcade | Shooter,Action | Science fiction,Single player,Arcade | Legacy Mobile Device | Sega 32X | Sega Saturn | Wii,5.5,99.0,True
1985,9,12268,Winter Games,Main Game,Sport,Action,Multiplayer | Single player,Commodore C64/128/MAX | Wii,2.0,97.0,True
1985,10,86375,Soccer,Main Game,Sport,Non-fiction,Multiplayer | Single player,Family Computer | Family Computer Disk System | Nintendo Entertainment System | Wii | Wii U,1.0,96.0,True
1985,11,251,Where in the World Is Carmen Sandiego?,Main Game,Adventure | Puzzle,Educational | Kids | Mystery,Single player,Apple II | Commodore C64/128/MAX | DOS | TRS-80 Color Computer,5.5,94.0,True
1985,12,1288,Gun.Smoke,Main Game,Arcade | Shooter,Action,Multiplayer | Single player,Amstrad CPC | Arcade | Commodore C64/128/MAX | MSX | Sega Master System/Mark III | ZX Spectrum,5.5,87.0,True
1985,13,852,King's Quest II: Romancing the Throne,Main Game,Adventure | Point-and-click | Puzzle,Fantasy,Single player,Amiga | Apple II | Apple IIGS | Atari ST/STE | DOS | Mac,5.5,87.0,True
1985,14,41420,Wrecking Crew,Main Game,Adventure | Arcade | Platform | Puzzle,Action | Comedy,Multiplayer | Single player,Family Computer | Family Computer Disk System | Game Boy Advance | Nintendo 3DS | Nintendo Entertainment System | Wii | Wii U,5.5,87.0,True
1985,15,90990,Rush'n Attack,Main Game,Arcade | Shooter,Action | Warfare,Multiplayer | Single player,Amstrad CPC | Arcade | Atari 8-bit | BBC Microcomputer System | Commodore 16 | Commodore C64/128/MAX | DOS | MSX | Xbox 360 | ZX Spectrum,5.5,80.0,True
1986,1,1022,The Legend of Zelda,Main Game,Adventure,Action | Fantasy | Open world,Single player,Family Computer | Family Computer Disk System | Nintendo 3DS | Nintendo Entertainment System | Wii | Wii U,5.5,2181.0,True
1986,2,1114,Castlevania,Main Game,Hack and slash/Beat 'em up | Platform,Action | Horror,Single player,Arcade | Family Computer Disk System | Nintendo 3DS | Nintendo Entertainment System | Wii | Wii U,5.5,1026.0,True
1986,3,2630,Bubble Bobble,Main Game,Arcade | Platform | Puzzle,Action | Fantasy | Kids,Co-operative | Multiplayer | Single player,Arcade,5.5,393.0,True
1986,4,1066,Super Mario Bros.: The Lost Levels,Main Game,Adventure | Platform,Action,Multiplayer | Single player,Family Computer Disk System | Nintendo 3DS | Wii | Wii U,5.5,387.0,True
1986,5,4595,Arkanoid,Main Game,Arcade,Action | Science fiction,Multiplayer | Single player,Arcade,5.5,333.0,True
1986,6,2051,OutRun,Main Game,Arcade | Racing,Action | Non-fiction,Single player,Arcade | Sharp X68000,4.0,279.0,True
1986,7,26778,Alex Kidd in Miracle World,Main Game,Adventure | Hack and slash/Beat 'em up | Platform,Action | Fantasy,Single player,PlayStation 3 | Sega Master System/Mark III | Wii,5.5,204.0,True
1986,8,3663,Kid Icarus,Main Game,Adventure | Platform | Shooter,Action | Fantasy,Single player,Arcade | Family Computer Disk System | Nintendo Entertainment System | Wii | Wii U,5.5,195.0,True
1986,9,3055,Rampage,Main Game,Arcade | Hack and slash/Beat 'em up,Action | Science fiction,Multiplayer | Single player,Arcade,5.5,165.0,True
1986,10,205229,Dragon Warrior,Main Game,Adventure | Role-playing (RPG),Fantasy,Single player,Family Computer | MSX | MSX2 | Nintendo Entertainment System,5.5,105.0,True
1986,11,5560,Wonder Boy,Main Game,Arcade | Platform,Action,Multiplayer | Single player,Arcade,5.5,105.0,True
1986,12,12153,Ikari Warriors,Main Game,Arcade | Shooter,Action | Warfare,Co-operative | Multiplayer | Single player,Arcade | PlayStation 3 | PlayStation Portable,5.5,94.0,True
1986,13,3503,Gauntlet II,Main Game,Adventure | Arcade | Hack and slash/Beat 'em up,Action | Fantasy,Co-operative | Multiplayer | Single player,Amiga | Amstrad CPC | Arcade | Atari ST/STE | Commodore C64/128/MAX | DOS | Nintendo Entertainment System | ZX Spectrum,5.5,93.0,True
1986,14,1477,Salamander,Main Game,Arcade | Shooter,Action | Science fiction,Co-operative | Single player | Split screen,Arcade | Sharp X68000,5.5,87.0,True
1986,15,1873,Defender of the Crown,Main Game,Adventure | Strategy,Fantasy | Historical,Single player,Amiga | Amstrad CPC | Apple IIGS | Atari ST/STE | Commodore C64/128/MAX | Commodore CDTV | DOS | Legacy Computer | Linux | Mac | PC (Microsoft Windows) | Philips CD-i | ZX Spectrum | iOS,4.0,87.0,True
1987,1,1025,Zelda II: The Adventure of Link,Main Game,Adventure | Platform | Role-playing (RPG),Action | Fantasy,Single player,Family Computer Disk System | Nintendo 3DS | Nintendo Entertainment System | Wii | Wii U,5.5,900.0,True
1987,2,1714,Mega Man,Main Game,Platform | Shooter,Action | Science fiction,Single player,Family Computer | Nintendo 3DS | Nintendo Entertainment System | Wii | Wii U,5.5,873.0,True
1987,3,4598,Contra,Main Game,Arcade | Platform | Shooter,Action | Science fiction | Warfare,Co-operative | Multiplayer | Single player,Arcade,5.5,789.0,True
1987,4,385,Final Fantasy,Main Game,Adventure | Role-playing (RPG),Action | Fantasy | Kids,Single player,Family Computer | Nintendo 3DS | Nintendo Entertainment System | Wii | Wii U,5.5,772.0,True
1987,5,6787,Double Dragon,Main Game,Adventure | Arcade | Fighting | Hack and slash/Beat 'em up,Action,Co-operative | Multiplayer | Single player,Arcade | Xbox 360,5.5,507.0,True
1987,6,1116,Castlevania II: Simon's Quest,Main Game,Adventure | Platform | Role-playing (RPG),Action | Fantasy | Horror,Single player,Family Computer Disk System | Nintendo 3DS | Nintendo Entertainment System | Wii | Wii U,5.5,441.0,True
1987,7,374,Metal Gear,Main Game,Adventure | Shooter | Tactical,Action | Science fiction | Stealth | Survival,Single player,MSX2 | Wii,5.5,426.0,True
1987,8,192,Maniac Mansion,Main Game,Adventure | Point-and-click,Comedy | Fantasy | Horror | Science fiction,Single player,Amiga | Apple II | Atari ST/STE | Commodore C64/128/MAX | DOS | Mac | PC (Microsoft Windows),5.5,412.0,True
1987,9,6930,Street Fighter,Main Game,Arcade | Fighting,Action,Multiplayer | Single player,Arcade | PC (Microsoft Windows),5.5,303.0,True
1987,10,6840,R-Type,Main Game,Arcade | Shooter,Action | Science fiction,Multiplayer | Single player,Amiga | Arcade | Atari ST/STE | Commodore C64/128/MAX | MSX | PC-8800 Series | Sharp X68000,5.5,186.0,True
1987,11,2906,Leisure Suit Larry in the Land of the Lounge Lizards,Main Game,Adventure | Point-and-click,Comedy | Erotic,Single player,Amiga | Apple II | Apple IIGS | Atari ST/STE | DOS | Linux | Mac | PC (Microsoft Windows) | TRS-80 | TRS-80 Color Computer,5.5,162.0,True
1987,12,6899,Shinobi,Main Game,Adventure | Arcade | Hack and slash/Beat 'em up,Action,Multiplayer | Single player,Amiga | Amstrad CPC | Arcade | Atari ST/STE | Commodore C64/128/MAX | DOS | MSX | TurboGrafx-16/PC Engine | ZX Spectrum,5.5,155.0,True
1987,13,6145,Super Hang-On,Main Game,Arcade | Racing,Action,Single player,Amiga | Amstrad CPC | Arcade | Atari ST/STE | Commodore C64/128/MAX | DOS | Mac | PlayStation 3 | Sega Mega Drive/Genesis | Sharp X68000 | Wii | ZX Spectrum,4.0,141.0,True
1987,14,9231,Sid Meier's Pirates!,Main Game,Adventure | Arcade | Role-playing (RPG) | Simulator | Strategy,Action | Historical,Single player,Amiga | Amstrad CPC | Apple II | Apple IIGS | Atari ST/STE | Commodore C64/128/MAX | DOS | Mac | Nintendo Entertainment System | PC (Microsoft Windows),4.0,133.0,True
1987,15,6076,1943: The Battle of Midway,Main Game,Arcade | Shooter,Action | Historical | Warfare,Co-operative | Multiplayer | Single player,Amiga | Amstrad CPC | Arcade | Atari ST/STE | Commodore C64/128/MAX | ZX Spectrum,5.5,129.0,True
1988,1,1068,Super Mario Bros. 3,Main Game,Platform,Action | Fantasy,Multiplayer | Single player,Arcade | Family Computer | Nintendo 3DS | Nintendo Entertainment System | Wii | Wii U,5.5,5112.0,True
1988,2,7558,Ninja Gaiden,Main Game,Arcade | Hack and slash/Beat 'em up,Action | Fantasy,Co-operative | Single player,Arcade | Wii,5.5,378.0,True
1988,3,2604,Altered Beast,Main Game,Hack and slash/Beat 'em up | Platform,Action | Fantasy | Historical | Survival,Co-operative | Single player | Split screen,Amiga | Amstrad CPC | Android | Arcade | Atari ST/STE | Commodore C64/128/MAX | DOS | MSX | ZX Spectrum | iOS,5.5,333.0,True
1988,4,4622,Super Contra,Main Game,Arcade | Platform | Shooter,Action | Science fiction,Co-operative | Multiplayer | Single player,Amiga | Arcade | DOS | PC (Microsoft Windows),5.5,261.0,True
1988,5,6790,Double Dragon II: The Revenge,Main Game,Adventure | Arcade | Fighting | Hack and slash/Beat 'em up,Action,Co-operative | Multiplayer | Single player,Arcade,5.5,234.0,True
1988,6,6817,Ghouls 'n Ghosts,Main Game,Arcade | Platform,Action | Fantasy | Horror,Single player,Amiga | Arcade | Atari ST/STE | Sharp X68000,5.5,222.0,True
1988,7,16474,Final Fantasy II,Main Game,Adventure | Role-playing (RPG),Fantasy | Open world | Sandbox,Single player,Family Computer | Nintendo 3DS | Wii | Wii U,5.5,193.0,True
1988,8,2603,Battle Chess,Main Game,Card & Board Game | Strategy | Turn-based strategy (TBS),Fantasy | Historical,Multiplayer | Single player,3DO Interactive Multiplayer | Acorn Archimedes | Amiga | Amiga CD32 | Apple II | Apple IIGS | Atari ST/STE | Commodore C64/128/MAX | Commodore CDTV | DOS | FM Towns | PC (Microsoft Windows) | PC-9800 Series | Sharp X68000,2.0,183.0,True
1988,9,106,Zak McKracken and the Alien Mindbenders,Main Game,Adventure | Point-and-click,Comedy | Science fiction,Single player,Amiga | Atari ST/STE | Commodore C64/128/MAX | DOS | FM Towns | Linux | Mac | PC (Microsoft Windows),5.5,120.0,True
1988,10,2367,Blaster Master,Main Game,Adventure | Arcade | Platform | Shooter,Action | Horror | Science fiction,Single player,Family Computer | Nintendo 3DS | Nintendo Entertainment System | Wii | Wii U,5.5,110.0,True
1988,11,6013,RoboCop,Main Game,Arcade | Platform | Shooter,Action | Science fiction,Single player,Arcade,5.5,108.0,True
1988,12,6317,Cabal,Main Game,Arcade | Shooter,Action | Warfare,Multiplayer | Single player,Amiga | Amstrad CPC | Arcade | Atari ST/STE | Commodore C64/128/MAX | DOS | Nintendo Entertainment System | ZX Spectrum,5.5,93.0,True
1988,13,18532,Ice Hockey,Main Game,Sport,Action,Multiplayer | Single player,Family Computer Disk System | Nintendo Entertainment System | Wii | Wii U,2.0,93.0,True
1988,14,8656,Leisure Suit Larry 2: Goes Looking for Love (in Several Wrong Places),Main Game,Adventure | Point-and-click,Comedy,Single player,Amiga | Atari ST/STE | DOS | Linux | Mac | PC (Microsoft Windows),5.5,90.0,True
1988,15,12224,Silk Worm,Main Game,Arcade | Shooter,Action | Science fiction,Co-operative | Single player,Amiga | Amstrad CPC | Arcade | Atari ST/STE | Commodore C64/128/MAX | Nintendo Entertainment System | ZX Spectrum,5.5,81.0,True
1989,1,1069,Super Mario Land,Main Game,Platform,Action | Fantasy | Science fiction,Single player,Game Boy | Nintendo 3DS,5.5,933.0,True
1989,2,2472,Prince of Persia,Main Game,Adventure | Platform | Puzzle,Action,Single player,Apple II,5.5,792.0,True
1989,3,5565,Golden Axe,Main Game,Arcade | Hack and slash/Beat 'em up,Action | Fantasy,Co-operative | Multiplayer | Single player,Amiga | Amstrad CPC | Arcade | Atari ST/STE | Commodore C64/128/MAX | DOS | PlayStation 3 | Turbografx-16/PC Engine CD | Wii | WonderSwan Color | Xbox 360 | Xbox One | ZX Spectrum,5.5,662.0,True
1989,4,6487,Disney's DuckTales,Main Game,Platform,Comedy | Kids,Single player,Family Computer | Nintendo Entertainment System | Wii,5.5,526.0,True
1989,5,1655,Final Fight,Main Game,Arcade | Hack and slash/Beat 'em up,Action,Co-operative | Multiplayer | Single player,Amiga | Amstrad CPC | Arcade | Atari ST/STE | Commodore C64/128/MAX | Sharp X68000 | ZX Spectrum | iOS,5.5,444.0,True
1989,6,1272,SimCity,Main Game,Simulator | Strategy,Business | Sandbox,Single player,Acorn Archimedes | Acorn Electron | Amiga | Amstrad CPC | Atari ST/STE | BBC Microcomputer System | Commodore C64/128/MAX | DOS | FM Towns | Mac | PC (Microsoft Windows) | PC-9800 Series | Sharp X68000 | ZX Spectrum,1.0,432.0,True
1989,7,3815,Teenage Mutant Ninja Turtles,Main Game,Adventure | Arcade | Fighting | Hack and slash/Beat 'em up,Action,Co-operative | Multiplayer | Single player,Amiga | Amstrad CPC | Arcade | Atari ST/STE | Commodore C64/128/MAX | DOS | Xbox 360,5.5,332.0,True
1989,8,186,Indiana Jones and the Last Crusade: The Graphic Adventure,Main Game,Adventure | Point-and-click | Puzzle,Action | Comedy | Fantasy | Historical,Single player,Amiga | Atari ST/STE | DOS | FM Towns | Linux | Mac | PC (Microsoft Windows),5.5,222.0,True
1989,9,3327,The Revenge of Shinobi,Main Game,Hack and slash/Beat 'em up | Platform,Action,Single player,Android | Linux | Mac | PC (Microsoft Windows) | PlayStation 3 | Sega Mega Drive/Genesis | Wii | Xbox 360 | iOS,5.5,189.0,True
1989,10,1118,Castlevania: The Adventure,Main Game,Adventure | Platform,Action,Single player,Game Boy | Nintendo 3DS,5.5,148.0,True
1989,11,49226,Batman: The Video Game,Main Game,Platform,Action,Single player,Family Computer | Nintendo Entertainment System,5.5,147.0,True
1989,12,6823,Buster Bros.,Main Game,Arcade | Platform | Shooter,Action,Co-operative | Multiplayer | Single player,Amiga | Amstrad CPC | Arcade | Atari ST/STE | Commodore C64/128/MAX | DOS | Super Nintendo Entertainment System | Turbografx-16/PC Engine CD | ZX Spectrum,5.5,141.0,True
1989,13,6969,Strider,Main Game,Arcade | Platform,Action | Science fiction,Multiplayer | Single player,Amiga | Amstrad CPC | Arcade | Atari ST/STE | Commodore C64/128/MAX | DOS | PlayStation | Sega Master System/Mark III | Sega Mega Drive/Genesis | Sharp X68000 | Wii | Wii U | ZX Spectrum,5.5,141.0,True
1989,14,248,Populous,Main Game,Real Time Strategy (RTS) | Role-playing (RPG) | Simulator | Strategy,Fantasy | Sandbox,Multiplayer | Single player,Acorn Archimedes | Amiga | Atari ST/STE | DOS | Mac | PC (Microsoft Windows) | PC-9800 Series | Sega Master System/Mark III | Sega Mega Drive/Genesis | Sharp X68000 | Super Nintendo Entertainment System | TurboGrafx-16/PC Engine,4.0,141.0,True
1989,15,3662,Adventures of Lolo,Main Game,Adventure | Puzzle | Strategy,Action | Fantasy,Single player,Nintendo 3DS | Nintendo Entertainment System | Wii | Wii U,4.0,128.0,True
1990,1,1070,Super Mario World,Main Game,Adventure | Platform,Action | Fantasy,Multiplayer | Single player,Arcade | New Nintendo 3DS | Super Famicom | Super Nintendo Entertainment System | Wii | Wii U,5.5,5968.0,True
1990,2,60,The Secret of Monkey Island,Main Game,Adventure | Point-and-click | Puzzle,Comedy | Historical,Single player,Amiga | Atari ST/STE | DOS | FM Towns | Mac | Sega CD,5.5,1474.0,True
1990,3,3476,Dr. Mario,Main Game,Puzzle | Strategy,Fantasy | Science fiction,Multiplayer | Single player | Split screen,Arcade | Family Computer | Nintendo Entertainment System | Wii U,4.0,618.0,True
1990,4,1716,Mega Man 3,Main Game,Platform | Shooter,Action | Science fiction,Single player,Arcade | Family Computer | Nintendo 3DS | Nintendo Entertainment System | Wii | Wii U,5.5,600.0,True
1990,5,3490,F-Zero,Main Game,Racing,Action | Science fiction,Single player,Arcade | New Nintendo 3DS | Satellaview | Super Famicom | Super Nintendo Entertainment System | Wii | Wii U,2.0,568.0,True
1990,6,6490,Disney's Chip 'n Dale Rescue Rangers,Main Game,Adventure | Platform,Action | Comedy,Co-operative | Multiplayer | Single player,Arcade | Family Computer | Nintendo Entertainment System,5.5,405.0,True
1990,7,377,Metal Gear 2: Solid Snake,Main Game,Adventure | Shooter | Tactical,Action | Stealth | Survival,Single player,MSX2 | Wii,5.5,315.0,True
1990,8,5421,Microsoft Minesweeper,Main Game,Puzzle,,Single player,PC (Microsoft Windows),4.5,291.0,True
1990,9,191,Loom,Main Game,Adventure | Point-and-click | Puzzle | Simulator | Strategy,Fantasy | Historical,Single player,Amiga | Atari ST/STE | DOS | FM Towns | Linux | Mac | PC (Microsoft Windows) | Turbografx-16/PC Engine CD,4.0,282.0,True
1990,10,8122,Castle of Illusion Starring Mickey Mouse,Main Game,Platform,Action | Comedy | Fantasy | Kids,Single player,Sega Mega Drive/Genesis | Sega Saturn,5.5,238.0,True
1990,11,6468,ActRaiser,Main Game,Platform | Simulator | Strategy,Action | Fantasy,Single player,Arcade | Satellaview | Super Famicom | Super Nintendo Entertainment System | Wii | Wii U,4.0,210.0,True
1990,12,8177,Microsoft Solitaire,Main Game,Card & Board Game,,Single player,PC (Microsoft Windows),1.0,195.0,True
1990,13,15540,Ninja Gaiden II: The Dark Sword of Chaos,Main Game,Adventure | Arcade | Hack and slash/Beat 'em up | Platform,Action,Single player,Arcade | Family Computer | Nintendo 3DS | Nintendo Entertainment System | Wii | Wii U,5.5,174.0,True
1990,14,4446,Columns,Main Game,Puzzle | Strategy,Educational | Fantasy,Multiplayer | Single player | Split screen,Arcade | FM Towns | Linux | Mac | PC (Microsoft Windows) | Sega Mega Drive/Genesis | Sharp X68000 | Super Famicom | TurboGrafx-16/PC Engine | Wii,4.0,168.0,True
1990,15,18139,Michael Jackson's Moonwalker,Main Game,Hack and slash/Beat 'em up | Platform,Action | Science fiction,Co-operative | Multiplayer | Single player,Amiga | Amstrad CPC | Atari ST/STE | Commodore C64/128/MAX | DOS | MSX | Sega Mega Drive/Genesis | ZX Spectrum,5.5,156.0,True
1991,1,1026,The Legend of Zelda: A Link to the Past,Main Game,Adventure | Puzzle,Action | Fantasy,Single player,New Nintendo 3DS | Satellaview | Super Famicom | Super Nintendo Entertainment System | Wii | Wii U,5.5,5065.0,True
1991,2,3192,Sonic the Hedgehog,Main Game,Platform,Action | Fantasy | Science fiction,Single player,Arcade | PC (Microsoft Windows) | PlayStation 3 | Sega Mega Drive/Genesis | Wii | Xbox 360 | iOS,5.5,1871.0,True
1991,3,61,Monkey Island 2: LeChuck's Revenge,Main Game,Adventure | Point-and-click | Puzzle,Action | Comedy | Historical,Single player,Amiga | DOS | Mac,5.5,1761.0,True
1991,4,3186,Street Fighter II,Main Game,Arcade | Fighting,Action | Science fiction,Multiplayer | Single player,Arcade,5.5,1122.0,True
1991,5,902,Sid Meier's Civilization,Main Game,Strategy | Turn-based strategy (TBS),"4X (explore, expand, exploit, and exterminate) | Historical",Single player,Amiga | Atari ST/STE | DOS | Mac | PC (Microsoft Windows) | PC-9800 Series,2.0,780.0,True
1991,6,1652,Streets of Rage,Main Game,Hack and slash/Beat 'em up,Action | Science fiction,Co-operative | Multiplayer | Single player,Android | Arcade | Linux | Mac | PC (Microsoft Windows) | Sega Mega Drive/Genesis | Wii | iOS,5.5,642.0,True
1991,7,4348,Out of This World,Main Game,Adventure | Platform,Action | Science fiction,Single player,Amiga | Atari ST/STE | Game Boy Advance,5.5,597.0,True
1991,8,16587,Final Fantasy IV,Main Game,Adventure | Role-playing (RPG),Fantasy,Single player,New Nintendo 3DS | Super Famicom | Wii | Wii U,5.5,594.0,True
1991,9,4239,Lemmings,Main Game,Puzzle,Action | Comedy,Multiplayer | Single player | Split screen,Acorn Archimedes | Amiga | Amiga CD32 | Commodore CDTV,5.5,492.0,True
1991,10,2970,Battletoads,Main Game,Hack and slash/Beat 'em up | Platform,Action | Comedy | Science fiction,Co-operative | Multiplayer | Single player,Amiga | Amiga CD32 | Family Computer | Nintendo Entertainment System | Sega Game Gear,5.5,447.0,True
1991,11,1717,Mega Man 4,Main Game,Platform | Shooter,Action | Science fiction,Single player,Family Computer | Nintendo 3DS | Nintendo Entertainment System | Wii | Wii U,5.5,402.0,True
1991,12,1102,Metroid II: Return of Samus,Main Game,Adventure | Platform | Shooter,Action | Science fiction,Single player,Game Boy | Nintendo 3DS,5.5,280.0,True
1991,13,6621,Super Ghouls'n Ghosts,Main Game,Adventure | Platform,Action | Fantasy | Horror,Single player,New Nintendo 3DS | Super Famicom | Super Nintendo Entertainment System | Web browser | Wii | Wii U,5.5,280.0,True
1991,14,4370,Sunset Riders,Main Game,Arcade | Shooter,Action | Historical,Co-operative | Multiplayer | Single player,Arcade,5.5,279.0,True
1991,15,14731,Teenage Mutant Ninja Turtles III: The Manhattan Project,Main Game,Adventure | Arcade | Hack and slash/Beat 'em up,Action | Fantasy,Co-operative | Multiplayer | Single player,Family Computer | Nintendo Entertainment System,5.5,240.0,True
1992,1,4438,Sonic the Hedgehog 2,Main Game,Platform,Action | Science fiction,Co-operative | Multiplayer | Single player | Split screen,Nintendo 3DS | PC (Microsoft Windows) | PlayStation 3 | Sega Mega Drive/Genesis | Wii | Wii U | Xbox 360,5.5,1823.0,True
1992,2,2332,Super Mario Kart,Main Game,Arcade | Racing,Fantasy | Party,Multiplayer | Single player | Split screen,New Nintendo 3DS | Super Famicom | Super Nintendo Entertainment System | Wii | Wii U,4.0,1360.0,True
1992,3,184,Indiana Jones and the Fate of Atlantis,Main Game,Adventure | Point-and-click | Puzzle,Action | Comedy | Fantasy | Historical | Thriller,Single player,Amiga | DOS | Linux | Mac | PC (Microsoft Windows),5.5,1266.0,True
1992,4,1618,Mortal Kombat,Main Game,Fighting,Action,Multiplayer | Single player,Amiga | Arcade | DOS,5.5,882.0,True
1992,5,1071,Super Mario Land 2: 6 Golden Coins,Main Game,Platform,Action,Single player,Game Boy | Nintendo 3DS,5.5,618.0,True
1992,6,1653,Streets of Rage 2,Main Game,Arcade | Hack and slash/Beat 'em up,Action,Co-operative | Multiplayer | Single player,Android | Arcade | Linux | Mac | PC (Microsoft Windows) | PlayStation 3 | Sega Mega Drive/Genesis | Wii | Xbox 360 | iOS,5.5,601.0,True
1992,7,1063,Kirby's Dream Land,Main Game,Platform,Action | Fantasy | Kids,Single player,Game Boy | Nintendo 3DS,5.5,549.0,True
1992,8,419,Final Fantasy V,Main Game,Adventure | Role-playing (RPG),Action | Fantasy | Open world,Single player,Super Famicom | Wii,5.5,396.0,True
1992,9,6351,Contra III: The Alien Wars,Main Game,Adventure | Shooter,Action | Science fiction,Co-operative | Multiplayer | Single player | Split screen,Arcade | New Nintendo 3DS | Super Famicom | Super Nintendo Entertainment System | Wii | Wii U,5.5,378.0,True
1992,10,4275,Flashback: The Quest for Identity,Main Game,Adventure | Platform,Action | Science fiction,Single player,3DO Interactive Multiplayer | Acorn Archimedes | Amiga | Atari Jaguar | DOS | Mac | Philips CD-i | Sega CD | Sega Mega Drive/Genesis | Super Nintendo Entertainment System,5.5,339.0,True
1992,11,86,Dune II: The Building of a Dynasty,Main Game,Real Time Strategy (RTS) | Strategy,Science fiction,Single player,Acorn Archimedes | Amiga | DOS | Sega Mega Drive/Genesis,2.0,327.0,True
1992,12,1718,Mega Man 5,Main Game,Platform | Shooter,Action | Science fiction,Single player,Family Computer | Nintendo 3DS | Nintendo Entertainment System | Wii | Wii U,5.5,315.0,True
1992,13,5378,Ecco the Dolphin,Main Game,Adventure,Action | Science fiction,Single player,Linux | Mac | PC (Microsoft Windows) | Sega CD | Sega Mega Drive/Genesis | Wii | Xbox 360 | iOS,5.5,265.0,True
1992,14,1956,Alone in the Dark,Main Game,Adventure | Puzzle,Action | Fantasy | Historical | Horror | Survival,Single player,3DO Interactive Multiplayer | Acorn Archimedes | DOS | FM Towns | Mac | PC (Microsoft Windows) | PC-9800 Series,5.5,253.0,True
1992,15,8203,Mario Paint,Main Game,Music | Puzzle | Simulator,Educational | Kids,Single player,Super Famicom | Super Nintendo Entertainment System,3.0,207.0,True
1993,1,673,Doom,Main Game,Shooter,Action | Horror | Science fiction,Co-operative | Multiplayer | Single player,DOS | Linux | PC-9800 Series | Windows Mobile,5.5,2976.0,True
1993,2,193,Day of the Tentacle,Main Game,Adventure | Point-and-click,Comedy | Fantasy | Historical | Science fiction,Single player,Amiga | DOS | Mac,5.5,1377.0,True
1993,3,1741,Mega Man X,Main Game,Adventure | Platform | Shooter,Action | Science fiction,Single player,DOS | New Nintendo 3DS | Nintendo 3DS | Super Famicom | Super Nintendo Entertainment System | Wii | Wii U | iOS,5.5,883.0,True
1993,4,1028,The Legend of Zelda: Link's Awakening,Main Game,Adventure | Puzzle,Action | Fantasy,Single player,Game Boy,5.5,693.0,True
1993,5,3216,Secret of Mana,Main Game,Adventure | Role-playing (RPG),Action | Fantasy | Open world,Co-operative | Multiplayer | Single player,Android | Super Famicom | Super NES CD-ROM System | Super Nintendo Entertainment System | Wii | Wii U | iOS,5.5,639.0,True
1993,6,330,SimCity 2000,Main Game,Simulator | Strategy,Business | Sandbox,Single player,Amiga | DOS | FM Towns | Game Boy Advance | Legacy Computer | Mac | PC (Microsoft Windows) | PC-9800 Series | PlayStation | PlayStation 3 | PlayStation Portable | Sega Saturn | Super Famicom | Super Nintendo Entertainment System | Windows Mobile,1.0,626.0,True
1993,7,3717,Kirby's Adventure,Main Game,Platform,Action | Fantasy | Kids,Single player,Family Computer | Nintendo Entertainment System | Wii | Wii U,5.5,592.0,True
1993,8,2473,Disney's Aladdin,Main Game,Adventure | Arcade | Platform,Action,Single player,Game Boy Advance | Mac | PC (Microsoft Windows) | Super Famicom | Super Nintendo Entertainment System,5.5,576.0,True
1993,9,8118,Disney's Aladdin,Main Game,Platform,Action | Comedy | Fantasy,Single player,Amiga | DOS | Linux | Mac | PC (Microsoft Windows) | Sega Mega Drive/Genesis,5.5,571.0,True
1993,10,236,Myst,Main Game,Adventure | Point-and-click | Puzzle,Fantasy | Mystery | Science fiction,Single player,3DO Interactive Multiplayer | Amiga | Atari 2600 | Atari Jaguar CD | LaserActive | Mac | PC (Microsoft Windows) | Philips CD-i | PlayStation | PlayStation 3 | PlayStation Portable | Sega Saturn | Windows Mobile | Windows Phone,5.5,565.0,True
1993,11,5452,Sonic CD,Main Game,Platform,Action | Science fiction,Single player,PC (Microsoft Windows) | Sega CD,5.5,511.0,True
1993,12,8581,Star Fox,Main Game,Shooter,Action | Science fiction,Single player,Super Famicom | Super Nintendo Entertainment System,5.5,499.0,True
1993,13,202,Sam & Max Hit the Road,Main Game,Adventure | Point-and-click | Puzzle,Comedy | Science fiction,Single player,DOS | Linux | Mac | PC (Microsoft Windows),5.5,474.0,True
1993,14,2162,Zombies Ate My Neighbors,Main Game,Hack and slash/Beat 'em up | Shooter,Action | Comedy | Horror | Science fiction,Co-operative | Multiplayer | Single player,Sega Mega Drive/Genesis | Super Nintendo Entertainment System | Wii,5.5,315.0,True
1993,15,1139,Castlevania: Rondo of Blood,Main Game,Adventure | Hack and slash/Beat 'em up | Platform,Action | Horror,Single player,PlayStation Portable | Turbografx-16/PC Engine CD | Wii,5.5,312.0,True
1994,1,1103,Super Metroid,Main Game,Adventure | Platform | Shooter,Action | Science fiction | Thriller,Single player,New Nintendo 3DS | Super Famicom | Super Nintendo Entertainment System | Wii | Wii U,5.5,3157.0,True
1994,2,426,Final Fantasy III,Main Game,Adventure | Role-playing (RPG),Fantasy | Open world | Sandbox,Single player,New Nintendo 3DS | Super Famicom | Super Nintendo Entertainment System | Wii | Wii U,5.5,2266.0,True
1994,3,1090,Donkey Kong Country,Main Game,Platform,Action,Co-operative | Multiplayer | Single player,New Nintendo 3DS | Super Famicom | Super Nintendo Entertainment System | Wii | Wii U,5.5,1795.0,True
1994,4,2899,EarthBound,Main Game,Adventure | Role-playing (RPG) | Turn-based strategy (TBS),Action | Drama | Fantasy | Science fiction,Single player,Game Boy Advance | New Nintendo 3DS | Super Famicom | Super Nintendo Entertainment System | Wii U,4.0,1695.0,True
1994,5,312,Doom II: Hell on Earth,Main Game,Shooter,Action | Horror | Science fiction,Co-operative | Multiplayer | Single player,DOS | Mac | PC (Microsoft Windows) | PC-9800 Series | Tapwave Zodiac,5.5,1589.0,True
1994,6,1619,Mortal Kombat II,Main Game,Arcade | Fighting,Action | Fantasy | Horror,Multiplayer | Single player,Amiga | Arcade | DOS | PlayStation | PlayStation 3 | Sega 32X | Sega Mega Drive/Genesis | Sega Saturn | Super Nintendo Entertainment System,5.5,987.0,True
1994,7,6797,Sonic the Hedgehog 3,Main Game,Adventure | Platform,Action,Co-operative | Multiplayer | Single player | Split screen,Sega Mega Drive/Genesis | Wii | Xbox 360,5.5,855.0,True
1994,8,3166,The Lion King,Main Game,Platform | Puzzle,Action | Kids,Single player,Amiga | DOS | Linux | Mac | PC (Microsoft Windows) | Sega Mega Drive/Genesis | Super Famicom | Super Nintendo Entertainment System,5.5,736.0,True
1994,9,3480,Earthworm Jim,Main Game,Platform | Shooter,Action | Comedy | Science fiction,Single player,Sega Mega Drive/Genesis | Wii,5.5,668.0,True
1994,10,129,Warcraft: Orcs & Humans,Main Game,Real Time Strategy (RTS) | Strategy,Fantasy,Multiplayer | Single player,DOS | Mac | PC (Microsoft Windows) | PC-9800 Series,2.0,516.0,True
1994,11,1742,Mega Man X2,Main Game,Platform | Shooter,Action | Science fiction,Single player,New Nintendo 3DS | Nintendo 3DS | Super Famicom | Super Nintendo Entertainment System | Wii | Wii U,5.5,465.0,True
1994,12,1242,Tekken,Main Game,Fighting,Action,Multiplayer | Single player,Arcade,5.5,409.0,True
1994,13,24,X-COM: UFO Defense,Main Game,Strategy | Tactical | Turn-based strategy (TBS),Horror | Science fiction | Warfare,Single player,Amiga | Amiga CD32 | DOS | PC (Microsoft Windows) | PlayStation,2.0,404.0,True
1994,14,1072,Wario Land: Super Mario Land 3,Main Game,Platform,Action,Single player,Game Boy | Nintendo 3DS,5.5,378.0,True
1994,15,2907,Killer Instinct,Main Game,Fighting,Action | Fantasy | Science fiction,Multiplayer | Single player,Arcade,5.5,336.0,True
1995,1,1802,Chrono Trigger,Main Game,Role-playing (RPG),Fantasy | Open world | Science fiction,Single player,Satellaview | Super Famicom | Super Nintendo Entertainment System | Wii,5.5,4102.0,True
1995,2,1073,Super Mario World 2: Yoshi's Island,Main Game,Platform,Action | Fantasy | Kids,Multiplayer | Single player,Satellaview | Super Famicom | Super Nintendo Entertainment System,5.5,2134.0,True
1995,3,1092,Donkey Kong Country 2: Diddy's Kong Quest,Main Game,Platform,Action | Comedy | Fantasy,Multiplayer | Single player,New Nintendo 3DS | Super Famicom | Super Nintendo Entertainment System | Wii | Wii U,5.5,1467.0,True
1995,4,130,Warcraft II: Tides of Darkness,Main Game,Real Time Strategy (RTS) | Strategy,Fantasy,Multiplayer | Single player,DOS | Mac,2.0,1153.0,True
1995,5,647,Command & Conquer,Main Game,Real Time Strategy (RTS) | Strategy,Science fiction | Warfare,Multiplayer | Single player,DOS | Mac | Nintendo 64 | PC (Microsoft Windows) | PlayStation | Sega Saturn,2.0,1005.0,True
1995,6,1620,Mortal Kombat 3,Main Game,Fighting,Action,Multiplayer | Single player,Arcade | DOS | PC (Microsoft Windows) | PlayStation | Sega Mega Drive/Genesis | Super Nintendo Entertainment System,5.5,694.0,True
1995,7,1963,Rayman,Main Game,Adventure | Platform,Action,Single player,PlayStation | PlayStation 3 | PlayStation Portable | Sega Saturn,5.5,662.0,True
1995,8,9331,Worms,Main Game,Strategy,Action | Comedy | Warfare,Multiplayer | Single player,Amiga | Amiga CD32 | Atari Jaguar | DOS | Mac | PC (Microsoft Windows) | PlayStation | PlayStation 4 | PlayStation 5 | PlayStation Portable | Sega Mega Drive/Genesis | Sega Saturn | Super Nintendo Entertainment System,2.0,629.0,True
1995,9,1243,Tekken 2,Main Game,Fighting,Action,Multiplayer | Single player,Arcade,5.5,595.0,True
1995,10,180,Full Throttle,Main Game,Adventure | Point-and-click | Puzzle,Comedy | Science fiction,Single player,DOS | Mac | PC (Microsoft Windows),5.5,553.0,True
1995,11,157,Star Wars: Dark Forces,Main Game,Shooter,Action | Science fiction,Single player,DOS | Mac | PC (Microsoft Windows) | PlayStation | PlayStation 3 | PlayStation Portable,5.5,495.0,True
1995,12,3071,Comix Zone,Main Game,Arcade | Hack and slash/Beat 'em up | Puzzle,Action | Comedy,Single player,Android | Game Boy Advance | Linux | Mac | PC (Microsoft Windows) | PlayStation 3 | Sega Mega Drive/Genesis | Wii | Xbox 360,5.5,408.0,True
1995,13,1743,Mega Man X3,Main Game,Adventure | Platform | Shooter,Action | Science fiction,Single player,Legacy Mobile Device | New Nintendo 3DS | Super Famicom | Super Nintendo Entertainment System | Wii U,5.5,381.0,True
1995,14,207,The Dig,Main Game,Adventure | Point-and-click | Puzzle,Science fiction,Single player,DOS | Linux | Mac | PC (Microsoft Windows),5.5,355.0,True
1995,15,3481,Earthworm Jim 2,Main Game,Platform | Shooter,Action | Comedy | Science fiction,Single player,Sega Mega Drive/Genesis | Wii,5.5,354.0,True
1996,1,1074,Super Mario 64,Main Game,Adventure | Platform,Action | Fantasy | Open world,Single player,Nintendo 64 | Wii | Wii U,5.5,6115.0,True
1996,2,1185,Crash Bandicoot,Main Game,Platform,Action | Science fiction,Single player,Android | PlayStation | PlayStation 3 | PlayStation Portable | PlayStation Vita,5.5,2110.0,True
1996,3,2342,Mario Kart 64,Main Game,Arcade | Racing,Action | Kids | Party,Multiplayer | Single player | Split screen,Nintendo 64 | Wii | Wii U,4.0,1804.0,True
1996,4,1561,Pokémon Red Version,Main Game,Adventure | Role-playing (RPG) | Turn-based strategy (TBS),Action | Fantasy | Kids | Open world,Multiplayer | Single player,Game Boy | Nintendo 3DS,4.0,1786.0,True
1996,5,125,Diablo,Main Game,Role-playing (RPG) | Strategy,Action | Fantasy | Historical | Horror,Co-operative | Multiplayer | Single player,Mac | PC (Microsoft Windows) | PlayStation,4.0,1785.0,True
1996,6,1511,Pokémon Blue Version,Main Game,Adventure | Role-playing (RPG) | Turn-based strategy (TBS),Fantasy | Kids | Open world,Multiplayer | Single player,Game Boy | Nintendo 3DS,4.0,1446.0,True
1996,7,912,Tomb Raider,Main Game,Adventure | Platform | Puzzle | Shooter,Action | Sandbox | Survival,Single player,DOS | Nintendo 64 | PC (Microsoft Windows) | PlayStation | PlayStation 3 | PlayStation Portable | Sega Saturn,5.5,1417.0,True
1996,8,342,Duke Nukem 3D,Main Game,Puzzle | Shooter,Action | Comedy | Science fiction,Multiplayer | Single player,DOS | Mac | PC (Microsoft Windows),5.5,1342.0,True
1996,9,424,Resident Evil,Main Game,Adventure | Puzzle | Shooter,Action | Horror | Survival,Single player,PlayStation,5.5,1323.0,True
1996,10,333,Quake,Main Game,Shooter,Action | Horror | Science fiction,Co-operative | Multiplayer | Single player,Amiga | DOS | Legacy Mobile Device | Linux | Mac | PC (Microsoft Windows) | Sega Saturn | Zeebo,5.5,1188.0,True
1996,11,295,Command & Conquer: Red Alert,Main Game,Real Time Strategy (RTS) | Strategy,Historical | Science fiction | Warfare,Multiplayer | Single player,DOS | PC (Microsoft Windows) | PlayStation | PlayStation 3 | PlayStation Portable,2.0,1098.0,True
1996,12,1404,Metal Slug,Main Game,Arcade | Platform | Shooter,Action | Comedy,Co-operative | Multiplayer | Single player,Android | Arcade | Linux | Mac | Neo Geo AES | Neo Geo CD | PC (Microsoft Windows) | PlayStation 3 | PlayStation Portable | Wii | iOS,5.5,834.0,True
1996,13,1094,Donkey Kong Country 3: Dixie Kong's Double Trouble!,Main Game,Platform,Action,Multiplayer | Single player,New Nintendo 3DS | Super Famicom | Super Nintendo Entertainment System | Wii | Wii U,5.5,732.0,True
1996,14,5418,Super Mario RPG: Legend of the Seven Stars,Main Game,Adventure | Role-playing (RPG),Action | Comedy | Fantasy | Kids,Single player,Super Famicom | Super Nintendo Entertainment System | Wii | Wii U,5.5,700.0,True
1996,15,616,Circle of Blood,Main Game,Adventure | Point-and-click | Puzzle,Fantasy | Historical | Mystery | Thriller,Single player,DOS | Mac | PC (Microsoft Windows) | PlayStation,5.5,572.0,True
1997,1,1128,Castlevania: Symphony of the Night,Main Game,Adventure | Platform | Role-playing (RPG),Action | Horror | Open world,Single player,PlayStation | PlayStation 3 | PlayStation Portable | Xbox 360,5.5,2490.0,True
1997,2,289,Age of Empires,Main Game,Strategy,Historical | Warfare,Multiplayer | Single player,Mac | PC (Microsoft Windows),2.0,2034.0,True
1997,3,13,Fallout: A Post Nuclear Role Playing Game,Main Game,Role-playing (RPG),Open world | Science fiction | Stealth | Survival,Single player,DOS | Linux | Mac | OnLive Game System | PC (Microsoft Windows),5.5,1947.0,True
1997,4,1244,Tekken 3,Main Game,Arcade | Fighting,Action,Multiplayer | Single player,Arcade,5.5,1662.0,True
1997,5,1186,Crash Bandicoot 2: Cortex Strikes Back,Main Game,Adventure | Platform,Action | Comedy | Fantasy | Science fiction,Single player,Android | PlayStation | PlayStation 3 | PlayStation Portable,5.5,1596.0,True
1997,6,980,Grand Theft Auto,Main Game,Adventure | Racing | Shooter,Action | Open world | Sandbox,Multiplayer | Single player,DOS | Nintendo 64 | PC (Microsoft Windows) | PlayStation,4.0,1477.0,True
1997,7,1638,GoldenEye 007,Main Game,Shooter,Action | Stealth,Multiplayer | Single player | Split screen,Nintendo 64,5.5,1251.0,True
1997,8,286,Quake II,Main Game,Shooter,Action | Horror | Science fiction,Co-operative | Multiplayer | Single player,Amiga | Linux | Mac | PC (Microsoft Windows) | PlayStation | Xbox 360 | Zeebo,5.5,984.0,True
1997,9,1156,Tomb Raider II,Main Game,Adventure | Platform | Puzzle | Shooter,Action,Single player,Mac | PC (Microsoft Windows) | PlayStation | PlayStation 3 | PlayStation Portable,5.5,972.0,True
1997,10,62,The Curse of Monkey Island,Main Game,Adventure | Point-and-click | Puzzle,Comedy | Fantasy | Historical,Single player,Mac | PC (Microsoft Windows),5.5,963.0,True
1997,11,1594,Gran Turismo,Main Game,Racing | Simulator,Non-fiction,Multiplayer | Single player | Split screen,PlayStation,1.0,873.0,True
1997,12,2591,Star Fox 64,Main Game,Shooter,Action | Science fiction,Multiplayer | Single player | Split screen,Nintendo 64 | Wii | Wii U,5.5,835.0,True
1997,13,999,Oddworld: Abe's Oddysee,Main Game,Adventure | Platform | Puzzle,Action | Comedy | Science fiction | Stealth,Multiplayer | Single player,DOS | OnLive Game System | PC (Microsoft Windows) | PlayStation | PlayStation 3 | PlayStation Portable,5.5,753.0,True
1997,14,1624,Theme Hospital,Main Game,Real Time Strategy (RTS) | Simulator | Strategy,Business | Comedy,Multiplayer | Single player,DOS | PC (Microsoft Windows),2.0,665.0,True
1997,15,1622,Mortal Kombat 4,Main Game,Fighting,Action,Co-operative | Multiplayer | Single player,Arcade | Dreamcast | Nintendo 64 | PC (Microsoft Windows) | PlayStation,5.5,624.0,True
1998,1,231,Half-Life,Main Game,Adventure | Puzzle | Shooter,Action | Horror | Science fiction | Thriller | Warfare,Multiplayer | Single player,Linux | Mac | PC (Microsoft Windows),5.5,8575.0,True
1998,2,1029,The Legend of Zelda: Ocarina of Time,Main Game,Adventure | Puzzle,Action | Fantasy | Open world | Sandbox,Single player,64DD | Nintendo 64 | Wii | Wii U,5.5,6336.0,True
1998,3,375,Metal Gear Solid,Main Game,Adventure | Shooter | Tactical,Action | Science fiction | Stealth | Survival,Single player,PlayStation | PlayStation 3 | PlayStation Portable,5.5,5041.0,True
1998,4,230,StarCraft,Main Game,Real Time Strategy (RTS) | Strategy,Science fiction | Warfare,Multiplayer | Single player,Mac | PC (Microsoft Windows),2.0,3693.0,True
1998,5,14,Fallout 2,Main Game,Puzzle | Role-playing (RPG),Comedy | Open world | Science fiction | Stealth | Survival,Single player,Mac | PC (Microsoft Windows),5.5,2646.0,True
1998,6,880,Resident Evil 2,Main Game,Adventure | Puzzle | Shooter,Action | Horror | Science fiction | Survival,Single player,Dreamcast | Nintendo GameCube | PC (Microsoft Windows) | PlayStation | PlayStation 3 | PlayStation Portable,5.5,1751.0,True
1998,7,1187,Crash Bandicoot: Warped,Main Game,Adventure | Platform,Action | Fantasy | Historical | Science fiction,Single player,PlayStation | PlayStation 3 | PlayStation Portable,5.5,1683.0,True
1998,8,181,Grim Fandango,Main Game,Adventure | Point-and-click | Puzzle,Comedy,Single player,PC (Microsoft Windows),5.5,1161.0,True
1998,9,2148,Banjo-Kazooie,Main Game,Adventure | Platform | Quiz/Trivia,Action | Comedy | Fantasy,Single player,Nintendo 64,4.0,1092.0,True
1998,10,1576,Spyro the Dragon,Main Game,Adventure | Platform,Action,Single player,PlayStation | PlayStation 3 | PlayStation Portable,5.5,1074.0,True
1998,11,5,Baldur's Gate,Main Game,Role-playing (RPG),Fantasy | Open world,Co-operative | Single player,Linux | Mac | PC (Microsoft Windows) | iOS,5.5,1041.0,True
1998,12,92,Need for Speed III: Hot Pursuit,Main Game,Racing,Action,Multiplayer | Single player,PC (Microsoft Windows) | PlayStation,2.0,810.0,True
1998,13,879,Commandos: Behind Enemy Lines,Main Game,Puzzle | Strategy | Tactical,Action | Historical | Stealth | Warfare,Co-operative | Multiplayer | Single player,PC (Microsoft Windows),4.0,666.0,True
1998,14,7860,Sonic Adventure,Main Game,Adventure | Platform,Action | Fantasy | Kids | Science fiction,Single player,Dreamcast,5.5,630.0,True
1998,15,1157,Tomb Raider III: Adventures of Lara Croft,Main Game,Adventure | Puzzle | Shooter,Action,Single player,Mac | PC (Microsoft Windows) | PlayStation | PlayStation 3 | PlayStation Portable,5.5,555.0,True
1999,1,327,Age of Empires II: The Age of Kings,Main Game,Real Time Strategy (RTS) | Strategy,Historical | Warfare,Multiplayer | Single player,Dreamcast | Mac | PC (Microsoft Windows) | PlayStation 2,2.0,3048.0,True
1999,2,364,Heroes of Might and Magic III: The Restoration of Erathia,Main Game,Role-playing (RPG) | Strategy | Turn-based strategy (TBS),Fantasy,Multiplayer | Single player,Linux | Mac | PC (Microsoft Windows),4.0,2140.0,True
1999,3,480,Silent Hill,Main Game,Adventure | Puzzle,Action | Horror | Survival,Single player,PlayStation | PlayStation 3 | PlayStation Portable,5.5,1723.0,True
1999,4,819,Grand Theft Auto 2,Main Game,Racing | Shooter,Action | Open world,Multiplayer | Single player,Dreamcast | PC (Microsoft Windows),4.0,1627.0,True
1999,5,425,Final Fantasy VIII,Main Game,Adventure | Card & Board Game | Role-playing (RPG),Fantasy | Open world | Science fiction,Single player,PlayStation | PlayStation 3 | PlayStation Portable,4.0,1549.0,True
1999,6,1626,Super Smash Bros.,Main Game,Fighting | Platform,Action | Party,Co-operative | Multiplayer | Single player | Split screen,Nintendo 64 | Wii,5.5,1408.0,True
1999,7,966,Resident Evil 3: Nemesis,Main Game,Adventure | Shooter,Action | Horror | Survival,Single player,Dreamcast | Nintendo GameCube | PC (Microsoft Windows) | PlayStation | PlayStation 3 | PlayStation Portable,5.5,1344.0,True
1999,8,1192,Crash Team Racing,Main Game,Racing,Action | Comedy | Fantasy | Science fiction,Multiplayer | Single player | Split screen,PlayStation | PlayStation 3 | PlayStation Portable,2.0,1317.0,True
1999,9,1513,Pokémon Silver Version,Main Game,Adventure | Role-playing (RPG) | Turn-based strategy (TBS),Action | Fantasy | Kids,Multiplayer | Single player,Game Boy Color | Nintendo 3DS,4.0,1268.0,True
1999,10,355,Quake III Arena,Main Game,Shooter,Action | Science fiction,Multiplayer | Single player,Dreamcast | Linux | Mac | PC (Microsoft Windows) | PlayStation 2 | Xbox 360,5.5,1254.0,True
1999,11,832,Planescape: Torment,Main Game,Puzzle | Role-playing (RPG) | Strategy,Drama | Fantasy | Open world,Single player,Linux | Mac | PC (Microsoft Windows) | iOS,4.0,1246.0,True
1999,12,1558,Pokémon Gold Version,Main Game,Adventure | Role-playing (RPG) | Turn-based strategy (TBS),Action | Fantasy | Kids,Multiplayer | Single player,Game Boy Color | Nintendo 3DS,4.0,1190.0,True
1999,13,22,System Shock 2,Main Game,Role-playing (RPG) | Shooter,Action | Horror | Science fiction | Stealth | Survival,Co-operative | Single player,Linux | Mac | PC (Microsoft Windows),5.5,1140.0,True
1999,14,948,Worms Armageddon,Main Game,Platform | Shooter | Strategy,Action | Comedy | Party | Warfare,Co-operative | Multiplayer | Single player,Dreamcast | Nintendo 64 | PC (Microsoft Windows) | PlayStation | PlayStation 3 | PlayStation 4 | PlayStation 5 | PlayStation Portable,4.0,1086.0,True
1999,15,2289,Pokémon Stadium,Main Game,Role-playing (RPG) | Turn-based strategy (TBS),Action | Kids | Party,Multiplayer | Single player | Split screen,Nintendo 64,4.0,867.0,True
2000,1,126,Diablo II,Main Game,Hack and slash/Beat 'em up | Role-playing (RPG),Action | Fantasy,Co-operative | Multiplayer | Single player,Mac | PC (Microsoft Windows),5.5,4682.0,True
2000,2,421,Final Fantasy IX,Main Game,Adventure | Role-playing (RPG),Drama | Fantasy | Open world,Single player,PlayStation | PlayStation 3 | PlayStation Portable,5.5,2844.0,True
2000,3,1030,The Legend of Zelda: Majora's Mask,Main Game,Adventure | Puzzle,Action | Fantasy | Horror | Open world,Single player,64DD | Nintendo 64 | Wii | Wii U,5.5,2592.0,True
2000,4,41,Deus Ex,Main Game,Adventure | Role-playing (RPG) | Shooter,Action | Mystery | Science fiction | Stealth | Thriller,Multiplayer | Single player,Linux | Mac | PC (Microsoft Windows),5.5,2498.0,True
2000,5,241,Counter-Strike,Main Game,Shooter,Action | Warfare,Multiplayer,Linux | Mac | PC (Microsoft Windows),4.5,2267.0,True
2000,6,6,Baldur's Gate II: Shadows of Amn,Main Game,Role-playing (RPG),Fantasy,Co-operative | Single player,Linux | Mac | PC (Microsoft Windows),5.5,1639.0,True
2000,7,223,The Sims,Main Game,Simulator,Comedy | Fantasy | Romance | Sandbox,Single player,Linux | Mac | PC (Microsoft Windows),2.0,1546.0,True
2000,8,245,Command & Conquer: Red Alert 2,Main Game,Real Time Strategy (RTS) | Strategy,Fantasy | Historical | Science fiction,Multiplayer | Single player,PC (Microsoft Windows),2.0,1282.0,True
2000,9,913,Tony Hawk's Pro Skater 2,Main Game,Sport,Action,Multiplayer | Single player | Split screen,Dreamcast | Mac | PC (Microsoft Windows) | PlayStation | iOS,2.0,1246.0,True
2000,10,1050,Hitman: Codename 47,Main Game,Adventure | Shooter | Tactical,Action | Stealth,Single player,PC (Microsoft Windows),5.5,926.0,True
2000,11,3603,Spider-Man,Main Game,Adventure | Hack and slash/Beat 'em up,Action,Single player,Dreamcast | Mac | Nintendo 64 | PC (Microsoft Windows) | PlayStation,5.5,901.0,True
2000,12,3340,Paper Mario,Main Game,Adventure | Role-playing (RPG),Action | Comedy | Fantasy,Single player,Nintendo 64 | Wii | Wii U,5.5,820.0,True
2000,13,94,Need for Speed: Porsche Unleashed,Main Game,Racing | Simulator,Action,Multiplayer | Single player,PC (Microsoft Windows) | PlayStation,2.0,696.0,True
2000,14,1578,Spyro: Year of the Dragon,Main Game,Adventure | Platform | Puzzle,Action | Comedy,Single player,PlayStation | PlayStation 3 | PlayStation Portable,5.5,643.0,True
2000,15,1408,Metal Slug 3,Main Game,Arcade | Platform | Shooter,Action | Comedy | Science fiction,Co-operative | Multiplayer | Single player,Arcade | Neo Geo AES | Neo Geo MVS | Web browser | Wii | Xbox 360 | Xbox One,5.5,600.0,True
2001,1,18,Max Payne,Main Game,Shooter,Action | Thriller,Single player,Android | Mac | PC (Microsoft Windows) | PlayStation 2 | PlayStation 3 | PlayStation 4 | Xbox | Xbox 360 | Xbox One | iOS,5.5,5255.0,True
2001,2,730,Grand Theft Auto III,Main Game,Adventure | Racing | Shooter | Simulator,Action | Open world | Sandbox,Single player,Android | Mac | PC (Microsoft Windows) | PlayStation 2 | PlayStation 4 | Xbox | iOS,4.0,4772.0,True
2001,3,481,Silent Hill 2,Main Game,Adventure | Puzzle,Drama | Horror | Mystery | Survival,Single player,PlayStation 2,5.5,3538.0,True
2001,4,1627,Super Smash Bros. Melee,Main Game,Fighting | Platform,Action,Co-operative | Multiplayer | Single player,Nintendo GameCube,5.5,3247.0,True
2001,5,418,Final Fantasy X,Main Game,Adventure | Role-playing (RPG),Drama | Fantasy | Romance | Science fiction,Single player,PlayStation 2,5.5,3236.0,True
2001,6,376,Metal Gear Solid 2: Sons of Liberty,Main Game,Adventure | Shooter | Tactical,Action | Stealth,Single player,PlayStation 2,5.5,3034.0,True
2001,7,740,Halo: Combat Evolved,Main Game,Shooter,Action | Science fiction | Warfare,Co-operative | Multiplayer | Single player | Split screen,Mac | PC (Microsoft Windows) | Xbox | Xbox 360,5.5,2736.0,True
2001,8,281,Return to Castle Wolfenstein,Main Game,Shooter,Action | Fantasy | Historical | Horror | Science fiction | Stealth,Multiplayer | Single player,Linux | Mac | PC (Microsoft Windows) | PlayStation 2 | Xbox,5.5,1403.0,True
2001,9,2261,Gothic,Main Game,Adventure | Role-playing (RPG),Action | Fantasy | Historical | Open world | Stealth,Single player,PC (Microsoft Windows),5.5,1315.0,True
2001,10,134,Devil May Cry,Main Game,Adventure | Hack and slash/Beat 'em up,Action | Fantasy,Single player,PlayStation 2,5.5,1123.0,True
2001,11,1528,Jak and Daxter: The Precursor Legacy,Main Game,Adventure | Platform | Racing,Action | Comedy | Open world | Science fiction,Single player,PlayStation 2 | PlayStation 4,4.0,973.0,True
2001,12,7170,Ico,Main Game,Adventure | Platform | Puzzle,Action | Drama | Fantasy,Single player,PlayStation 2,5.5,887.0,True
2001,13,341,Harry Potter and the Sorcerer's Stone,Main Game,Adventure | Platform | Puzzle,Action | Fantasy,Single player,PlayStation,5.5,868.0,True
2001,14,914,Tony Hawk's Pro Skater 3,Main Game,Sport,Action | Non-fiction,Multiplayer,Mac | Nintendo GameCube | PC (Microsoft Windows) | PlayStation 2 | Xbox,1.0,841.0,True
2001,15,2485,Luigi's Mansion,Main Game,Adventure,Action | Comedy | Horror,Single player,Nintendo GameCube,5.5,811.0,True
2002,1,733,Grand Theft Auto: Vice City,Main Game,Adventure | Arcade | Racing | Shooter,Action | Comedy | Open world | Sandbox,Single player,Mac | PC (Microsoft Windows) | PlayStation 2 | PlayStation 3 | Xbox,4.0,9256.0,True
2002,2,132,Warcraft III: Reign of Chaos,Main Game,Real Time Strategy (RTS) | Strategy,Fantasy | Warfare,Multiplayer | Single player,Mac | PC (Microsoft Windows),2.0,4906.0,True
2002,3,39,Mafia,Main Game,Adventure | Fighting | Racing | Shooter,Action | Open world | Stealth,Single player,PC (Microsoft Windows) | PlayStation 2 | Xbox,4.0,4534.0,True
2002,4,1033,The Legend of Zelda: The Wind Waker,Main Game,Adventure | Puzzle,Action | Fantasy,Single player,Nintendo GameCube,5.5,3124.0,True
2002,5,1105,Metroid Prime,Main Game,Adventure | Platform | Shooter,Action | Open world | Science fiction,Single player,Nintendo GameCube,5.5,2636.0,True
2002,6,56,The Elder Scrolls III: Morrowind,Main Game,Adventure | Role-playing (RPG),Action | Fantasy | Open world | Sandbox,Single player,PC (Microsoft Windows) | Xbox,5.5,2517.0,True
2002,7,1219,Kingdom Hearts,Main Game,Adventure | Role-playing (RPG),Action | Comedy | Fantasy,Single player,PlayStation 2,5.5,1733.0,True
2002,8,1075,Super Mario Sunshine,Main Game,Adventure | Platform,Action | Sandbox,Single player,Nintendo GameCube,5.5,1564.0,True
2002,9,324,Age of Mythology,Main Game,Real Time Strategy (RTS) | Strategy,Fantasy | Historical,Multiplayer | Single player,Mac | PC (Microsoft Windows),2.0,1404.0,True
2002,10,2262,Gothic II,Main Game,Adventure | Role-playing (RPG) | Strategy,Action | Fantasy | Horror | Open world | Stealth | Survival,Single player,PC (Microsoft Windows),4.0,1321.0,True
2002,11,748,Hitman 2: Silent Assassin,Main Game,Shooter | Tactical,Action | Science fiction | Stealth,Single player,Nintendo GameCube | PC (Microsoft Windows) | PlayStation 2 | Xbox,5.5,1298.0,True
2002,12,910,Tom Clancy's Splinter Cell,Main Game,Shooter | Tactical,Action | Stealth,Single player,Mac | PC (Microsoft Windows) | PlayStation 2 | Xbox,5.5,1264.0,True
2002,13,1557,Pokémon Ruby Version,Main Game,Adventure | Role-playing (RPG) | Turn-based strategy (TBS),Action | Fantasy | Kids,Multiplayer | Single player,Game Boy Advance,4.0,1077.0,True
2002,14,326,Medal of Honor: Allied Assault,Main Game,Shooter,Action | Historical | Warfare,Multiplayer | Single player,Linux | Mac | PC (Microsoft Windows),5.5,1018.0,True
2002,15,152,Star Wars: Jedi Knight II - Jedi Outcast,Main Game,Adventure | Shooter,Action | Science fiction,Multiplayer | Single player,Mac | Nintendo GameCube | Nintendo Switch | PC (Microsoft Windows) | PlayStation 4 | Xbox,5.5,963.0,True
2003,1,116,Star Wars: Knights of the Old Republic,Main Game,Adventure | Role-playing (RPG),Action | Open world | Science fiction | Stealth,Single player,Android | Mac | Nintendo Switch | PC (Microsoft Windows) | Xbox | iOS,5.5,4386.0,True
2003,2,19,Max Payne 2: The Fall of Max Payne,Main Game,Shooter,Action | Thriller,Single player,PC (Microsoft Windows) | PlayStation 2 | PlayStation 3 | Xbox | Xbox 360,5.5,3123.0,True
2003,3,621,Call of Duty,Main Game,Shooter,Action | Historical | Warfare,Multiplayer | Single player,Mac | PC (Microsoft Windows),5.5,2520.0,True
2003,4,96,Need for Speed: Underground,Main Game,Racing,,Multiplayer | Single player | Split screen,Nintendo GameCube | PC (Microsoft Windows) | PlayStation 2 | Xbox,1.0,2471.0,True
2003,5,836,Prince of Persia: The Sands of Time,Main Game,Adventure | Platform | Puzzle,Action | Fantasy,Single player,Nintendo GameCube | PC (Microsoft Windows) | PlayStation 2 | PlayStation 3 | Xbox,5.5,2299.0,True
2003,6,153,Star Wars: Jedi Knight - Jedi Academy,Main Game,Adventure | Shooter,Action | Science fiction,Multiplayer | Single player,Mac | Nintendo Switch | PC (Microsoft Windows) | PlayStation 4 | Xbox,5.5,1271.0,True
2003,7,482,Silent Hill 3,Main Game,Adventure | Puzzle,Action | Horror | Mystery | Science fiction | Stealth | Survival,Single player,PC (Microsoft Windows) | PlayStation 2,5.5,1257.0,True
2003,8,1341,Beyond Good & Evil,Main Game,Adventure | Puzzle | Shooter,Action | Open world | Science fiction | Stealth,Single player,Nintendo GameCube | PC (Microsoft Windows) | PlayStation 2 | Xbox | Xbox 360,5.5,1187.0,True
2003,9,2344,Mario Kart: Double Dash!!,Main Game,Arcade | Racing,Action | Kids,Co-operative | Multiplayer | Single player | Split screen,Nintendo GameCube,4.0,1157.0,True
2003,10,2844,The Simpsons: Hit & Run,Main Game,Adventure | Platform | Racing,Action | Comedy | Open world,Multiplayer | Single player | Split screen,Nintendo GameCube | PC (Microsoft Windows) | PlayStation 2 | Xbox,4.0,980.0,True
2003,11,3109,Postal 2,Main Game,Adventure | Indie | Shooter,Action | Comedy | Open world,Single player,Linux | Mac | PC (Microsoft Windows),5.5,898.0,True
2003,12,2973,The Lord of the Rings: The Return of the King,Main Game,Adventure | Hack and slash/Beat 'em up,Action | Fantasy,Co-operative | Multiplayer | Single player,Legacy Mobile Device | Mac | Nintendo GameCube | PC (Microsoft Windows) | PlayStation 2 | Xbox,5.5,830.0,True
2003,13,649,Command & Conquer: Generals,Main Game,Real Time Strategy (RTS) | Strategy,Action | Science fiction | Warfare,Multiplayer | Single player,Mac | PC (Microsoft Windows),2.0,741.0,True
2003,14,1971,Manhunt,Main Game,Shooter | Tactical,Action | Horror | Stealth | Thriller,Single player,PC (Microsoft Windows) | PlayStation 2 | PlayStation 3 | PlayStation 4 | Xbox,5.5,719.0,True
2003,15,135,Devil May Cry 2,Main Game,Adventure | Hack and slash/Beat 'em up,Action | Horror,Single player,PlayStation 2,5.5,698.0,True
2004,1,732,Grand Theft Auto: San Andreas,Main Game,Adventure | Racing | Shooter,Action | Open world | Stealth,Co-operative | Single player,Android | Mac | PC (Microsoft Windows) | PlayStation 2 | PlayStation 3 | PlayStation 4 | Windows Phone | Xbox | Xbox 360 | iOS,4.0,11889.0,True
2004,2,233,Half-Life 2,Main Game,Shooter,Action | Horror | Science fiction,Single player,Android | Linux | Mac | PC (Microsoft Windows) | PlayStation 3 | Xbox | Xbox 360,5.5,10117.0,True
2004,3,379,Metal Gear Solid 3: Snake Eater,Main Game,Adventure | Shooter | Tactical,Action | Drama | Fantasy | Historical | Stealth | Survival,Single player,PlayStation 2,5.5,3762.0,True
2004,4,123,World of Warcraft,Main Game,Adventure | Role-playing (RPG),Action | Fantasy | Open world | Warfare,Massively Multiplayer Online (MMO) | Multiplayer,Mac | PC (Microsoft Windows),4.5,2666.0,True
2004,5,97,Need for Speed: Underground 2,Main Game,Racing,Action,Multiplayer | Single player | Split screen,Nintendo GameCube | PC (Microsoft Windows) | PlayStation 2 | Xbox,2.0,2583.0,True
2004,6,118,Star Wars: Knights of the Old Republic II - The Sith Lords,Main Game,Adventure | Role-playing (RPG) | Strategy | Turn-based strategy (TBS),Action | Open world | Science fiction,Single player,Android | Linux | Mac | Nintendo Switch | PC (Microsoft Windows) | Xbox | iOS,4.0,2442.0,True
2004,7,986,Halo 2,Main Game,Shooter,Action | Science fiction | Warfare,Co-operative | Multiplayer | Single player | Split screen,PC (Microsoft Windows) | Xbox | Xbox One,5.5,2049.0,True
2004,8,11,Vampire: The Masquerade - Bloodlines,Main Game,Role-playing (RPG),Action | Fantasy | Horror | Open world | Thriller,Single player,PC (Microsoft Windows),5.5,1839.0,True
2004,9,3349,Paper Mario: The Thousand-Year Door,Main Game,Adventure | Role-playing (RPG),Action | Comedy | Fantasy | Science fiction,Single player,Nintendo GameCube,5.5,1658.0,True
2004,10,306,Far Cry,Main Game,Shooter,Action | Science fiction,Multiplayer | Single player,PC (Microsoft Windows),5.5,1628.0,True
2004,11,224,The Sims 2,Main Game,Role-playing (RPG) | Simulator | Strategy,Comedy | Fantasy | Romance | Sandbox,Single player,Mac | PC (Microsoft Windows),4.0,1627.0,True
2004,12,837,Prince of Persia: Warrior Within,Main Game,Adventure | Hack and slash/Beat 'em up | Platform,Action,Single player,Nintendo GameCube | PC (Microsoft Windows) | PlayStation 2 | Xbox | iOS,5.5,1611.0,True
2004,13,3278,Garry's Mod,Main Game,Indie | Simulator,Sandbox,Co-operative | Multiplayer | Single player,Linux | Mac | PC (Microsoft Windows),1.0,1386.0,True
2004,14,280,Doom 3,Main Game,Shooter,Action | Horror | Science fiction | Survival,Co-operative | Multiplayer | Single player,Linux | Mac | PC (Microsoft Windows) | Xbox,5.5,1311.0,True
2004,15,1035,The Legend of Zelda: The Minish Cap,Main Game,Adventure | Puzzle,Action | Fantasy,Single player,Game Boy Advance | Nintendo 3DS | Wii U,5.5,1300.0,True
