appid,name,total_ratings_pos_neg,positive_ratio,steamspy_owners
730,Counter-Strike: Global Offensive,8815087,0.8669323399757711,"100,000,000 .. 200,000,000"
578080,PUBG: BATTLEGROUNDS,2557944,0.5944058978617202,"100,000,000 .. 200,000,000"
271590,Grand Theft Auto V Legacy,1990556,0.8741175832280026,"50,000,000 .. 100,000,000"
105600,Terraria,1409473,0.9748175381862584,"20,000,000 .. 50,000,000"
359550,Tom Clancy's Rainbow Six Siege,1398584,0.838601042196965,"20,000,000 .. 50,000,000"
252490,Rust,1227784,0.8724132257791273,"20,000,000 .. 50,000,000"
440,Team Fortress 2,1161472,0.8990866762177651,"50,000,000 .. 100,000,000"
4000,Garry's Mod,1159707,0.9679565614418124,"20,000,000 .. 50,000,000"
2358720,Black Myth: Wukong,1150098,0.9666306697342314,"50,000,000 .. 100,000,000"
1245620,ELDEN RING,1056677,0.9288931243890044,"20,000,000 .. 50,000,000"
553850,HELLDIVERS 2,1017635,0.7624374161659141,"20,000,000 .. 50,000,000"
1172470,Apex Legends,994979,0.6714242210137098,"100,000,000 .. 200,000,000"
550,Left 4 Dead 2,963983,0.9753501877107792,"50,000,000 .. 100,000,000"
431960,Wallpaper Engine,894458,0.9803679993918104,"20,000,000 .. 50,000,000"
413150,Stardew Valley,886195,0.9844153939031476,"20,000,000 .. 50,000,000"
227300,Euro Truck Simulator 2,867404,0.973571715140811,"10,000,000 .. 20,000,000"
1091500,Cyberpunk 2077,844921,0.843949907742854,"20,000,000 .. 50,000,000"
292030,The Witcher 3: Wild Hunt,835349,0.9612664886173324,"20,000,000 .. 50,000,000"
381210,Dead by Daylight,797216,0.7905297936820134,"20,000,000 .. 50,000,000"
739630,Phasmophobia,768779,0.9581570256211474,"10,000,000 .. 20,000,000"
1086940,Baldur's Gate 3,760662,0.9684827163707402,"20,000,000 .. 50,000,000"
236390,War Thunder,757086,0.639912770808072,"20,000,000 .. 50,000,000"
1174180,Red Dead Redemption 2,733542,0.9224652439805764,"10,000,000 .. 20,000,000"
346110,ARK: Survival Evolved,730170,0.8384033855129628,"20,000,000 .. 50,000,000"
1938090,Call of Duty: Modern Warfare II,714114,0.5875728525137444,"50,000,000 .. 100,000,000"
945360,Among Us,700785,0.9185142376049716,"20,000,000 .. 50,000,000"
218620,PAYDAY 2,663082,0.8963099586476484,"20,000,000 .. 50,000,000"
242760,The Forest,627791,0.9554214698840856,"20,000,000 .. 50,000,000"
230410,Warframe,626503,0.8705353366224903,"20,000,000 .. 50,000,000"
1085660,Destiny 2,625616,0.7958412188946574,"20,000,000 .. 50,000,000"
252950,Rocket League,583220,0.8735039950618977,"10,000,000 .. 20,000,000"
304930,Unturned,555368,0.9120367035911324,"50,000,000 .. 100,000,000"
892970,Valheim,499828,0.9432264699056476,"10,000,000 .. 20,000,000"
322330,Don't Starve Together,499061,0.9525749357292996,"10,000,000 .. 20,000,000"
582010,Monster Hunter: World,493390,0.8801130951174527,"10,000,000 .. 20,000,000"
1966720,Lethal Company,487160,0.9717998193611956,"10,000,000 .. 20,000,000"
1097150,Fall Guys: Ultimate Knockout,473743,0.8130019863090325,"20,000,000 .. 50,000,000"
239140,Dying Light,457632,0.9520466226138032,"10,000,000 .. 20,000,000"
620,Portal 2,433510,0.9869091831791654,"5,000,000 .. 10,000,000"
221100,DayZ,430252,0.7678035197977,"10,000,000 .. 20,000,000"
322170,Geometry Dash,429921,0.9327899776935764,"5,000,000 .. 10,000,000"
367520,Hollow Knight,415946,0.9704168329542776,"5,000,000 .. 10,000,000"
374320,DARK SOULS III,413775,0.9433291039816324,"5,000,000 .. 10,000,000"
377160,Fallout 4,392287,0.8311618789304769,"10,000,000 .. 20,000,000"
291550,Brawlhalla,386456,0.8146050261866811,"20,000,000 .. 50,000,000"
1623730,Palworld,380709,0.9410494629756586,"50,000,000 .. 100,000,000"
108600,Project Zomboid,377063,0.941940736693868,"10,000,000 .. 20,000,000"
251570,7 Days to Die,370046,0.8860763256460008,"10,000,000 .. 20,000,000"
1172620,Sea of Thieves: 2026 Edition,355238,0.892567799616032,"5,000,000 .. 10,000,000"
960090,Bloons TD 6,353960,0.9726212001356084,"2,000,000 .. 5,000,000"
275850,No Man's Sky,352858,0.8313032437977883,"5,000,000 .. 10,000,000"
289070,Sid Meier’s Civilization VI,349920,0.8689214677640603,"10,000,000 .. 20,000,000"
444090,Paladins,346404,0.8497967690904262,"10,000,000 .. 20,000,000"
648800,Raft,346359,0.9331300760193902,"10,000,000 .. 20,000,000"
250900,The Binding of Isaac: Rebirth,343420,0.973050492108788,"5,000,000 .. 10,000,000"
548430,Deep Rock Galactic,343000,0.9725568513119534,"5,000,000 .. 10,000,000"
394360,Hearts of Iron IV,342150,0.8919129036972089,"5,000,000 .. 10,000,000"
489830,The Elder Scrolls V: Skyrim Special Edition,337058,0.9202036444766184,"5,000,000 .. 10,000,000"
1203220,NARAKA: BLADEPOINT,324927,0.6954177399846735,"10,000,000 .. 20,000,000"
284160,BeamNG.drive,322278,0.97392003177381,"5,000,000 .. 10,000,000"
814380,Sekiro: Shadows Die Twice - GOTY Edition,322234,0.9528510337208363,"10,000,000 .. 20,000,000"
990080,Hogwarts Legacy,321395,0.902210675337202,"20,000,000 .. 50,000,000"
72850,The Elder Scrolls V: Skyrim,317279,0.9484239423346644,"5,000,000 .. 10,000,000"
264710,Subnautica,313707,0.9704883856592298,"5,000,000 .. 10,000,000"
632360,Risk of Rain 2,313577,0.9347847578106812,"5,000,000 .. 10,000,000"
1517290,Battlefield 2042,297774,0.4674216016173339,"10,000,000 .. 20,000,000"
49520,Borderlands 2,295218,0.9244016286269808,"10,000,000 .. 20,000,000"
1293830,Forza Horizon 4,290917,0.90727595843488,"5,000,000 .. 10,000,000"
1063730,New World: Aeternum,286878,0.6859989263728833,"50,000,000 .. 100,000,000"
107410,Arma 3,283264,0.9042024401265252,"10,000,000 .. 20,000,000"
1118200,People Playground,281763,0.9857433374857592,"5,000,000 .. 10,000,000"
1145360,Hades,279741,0.9824409006902812,"5,000,000 .. 10,000,000"
255710,Cities: Skylines,275770,0.9296225115132176,"10,000,000 .. 20,000,000"
391540,Undertale,272932,0.96757434086146,"5,000,000 .. 10,000,000"
261550,Mount & Blade II: Bannerlord,264391,0.8788498852078929,"10,000,000 .. 20,000,000"
1237970,Titanfall 2,256188,0.9544709354068106,"5,000,000 .. 10,000,000"
1326470,Sons Of The Forest,253546,0.8775330709220418,"10,000,000 .. 20,000,000"
1794680,Vampire Survivors,250334,0.9846005736336256,"5,000,000 .. 10,000,000"
1238810,Battlefield V,250288,0.7085917023588826,"10,000,000 .. 20,000,000"
10,Counter-Strike,250245,0.9743171691742092,"10,000,000 .. 20,000,000"
594650,Hunt: Showdown 1896,248220,0.7296350012086052,"10,000,000 .. 20,000,000"
203160,Tomb Raider Game of the Year,247930,0.9609123542935506,"5,000,000 .. 10,000,000"
220,Half-Life 2,245627,0.9759554120678916,"10,000,000 .. 20,000,000"
976730,Halo: The Master Chief Collection,242067,0.9238557919914734,"5,000,000 .. 10,000,000"
438100,VRChat,240355,0.7556447754363338,"20,000,000 .. 50,000,000"
1144200,Ready or Not,236196,0.8918609967992684,"5,000,000 .. 10,000,000"
238960,Path of Exile,235091,0.892513962678282,"20,000,000 .. 50,000,000"
526870,Satisfactory,232064,0.9716242071152784,"10,000,000 .. 20,000,000"
22380,Fallout: New Vegas,227700,0.9607509881422924,"5,000,000 .. 10,000,000"
1468810,鬼谷八荒 Tale of Immortal,227104,0.5328836127941383,"2,000,000 .. 5,000,000"
1551360,Forza Horizon 5,225629,0.8861892753147866,"5,000,000 .. 10,000,000"
2246340,Monster Hunter Wilds,218415,0.5827118100863036,"20,000,000 .. 50,000,000"
1426210,It Takes Two,218383,0.952647413031234,"5,000,000 .. 10,000,000"
427520,Factorio,215209,0.9700802475732891,"5,000,000 .. 10,000,000"
311210,Call of Duty: Black Ops III,215026,0.84318175476454,"5,000,000 .. 10,000,000"
700330,SCP: Secret Laboratory,214309,0.9142079893984854,"5,000,000 .. 10,000,000"
477160,Human Fall Flat,213640,0.9467000561692568,"10,000,000 .. 20,000,000"
698780,Doki Doki Literature Club!,210717,0.9645496091914748,"5,000,000 .. 10,000,000"
393380,Squad,210551,0.8315704983590674,"2,000,000 .. 5,000,000"
294100,RimWorld,210517,0.979569345943558,"5,000,000 .. 10,000,000"
379720,DOOM,207279,0.9552390739052196,"5,000,000 .. 10,000,000"
782330,DOOM Eternal,206026,0.9115694135691612,"5,000,000 .. 10,000,000"
8930,Sid Meier's Civilization V,204265,0.958186669277654,"10,000,000 .. 20,000,000"
3164500,Schedule I,204041,0.9841306404105056,"10,000,000 .. 20,000,000"
433850,Z1 Battle Royale,204013,0.5574595736546201,"10,000,000 .. 20,000,000"
1599340,Lost Ark,202021,0.7102281445988289,"50,000,000 .. 100,000,000"
534380,Dying Light 2 Stay Human: Reloaded Edition,194830,0.7910588718369861,"5,000,000 .. 10,000,000"
1238840,Battlefield 1,192821,0.8649213519274352,"5,000,000 .. 10,000,000"
435150,Divinity: Original Sin 2 - Definitive Edition,190124,0.958143106604111,"5,000,000 .. 10,000,000"
268910,Cuphead,186835,0.962849573152782,"5,000,000 .. 10,000,000"
3241660,R.E.P.O.,185642,0.9650510121631958,"10,000,000 .. 20,000,000"
281990,Stellaris,185433,0.8602945538280673,"2,000,000 .. 5,000,000"
646570,Slay the Spire,182277,0.9779072510519704,"5,000,000 .. 10,000,000"
240,Counter-Strike: Source,182234,0.9626414390289408,"10,000,000 .. 20,000,000"
2050650,Resident Evil 4,181708,0.9770565962973562,"5,000,000 .. 10,000,000"
400,Portal,177741,0.9847137126493044,"10,000,000 .. 20,000,000"
518790,theHunter: Call of the Wild,177610,0.8875682675525026,"5,000,000 .. 10,000,000"
1240440,Halo Infinite,177041,0.6966352426838981,"10,000,000 .. 20,000,000"
270880,American Truck Simulator,175287,0.9683262306959444,"2,000,000 .. 5,000,000"
901583,Grand Theft Auto IV: Complete Edition,175272,0.8248322607147748,"20,000,000 .. 50,000,000"
12210,Grand Theft Auto IV: The Complete Edition,175184,0.82480706000548,"5,000,000 .. 10,000,000"
552520,Far Cry 5,173477,0.8091966081958991,"2,000,000 .. 5,000,000"
883710,Resident Evil 2,172857,0.96985947922271,"5,000,000 .. 10,000,000"
812140,Assassin's Creed Odyssey,172193,0.8890663383528947,"5,000,000 .. 10,000,000"
1222670,The Sims 4,170727,0.873113215835808,"10,000,000 .. 20,000,000"
1229490,ULTRAKILL,169751,0.9771194278678772,"5,000,000 .. 10,000,000"
319630,Life is Strange - Episode 1,169201,0.9619860402716296,"5,000,000 .. 10,000,000"
1222140,Detroit: Become Human,169199,0.9577302466326632,"2,000,000 .. 5,000,000"
2694490,Path of Exile 2,169021,0.7011613941462895,"20,000,000 .. 50,000,000"
588650,Dead Cells,168464,0.9708246272200588,"5,000,000 .. 10,000,000"
48700,Mount & Blade: Warband,166405,0.9773264024518494,"5,000,000 .. 10,000,000"
1716740,Starfield,165527,0.5675327892126361,"2,000,000 .. 5,000,000"
211820,Starbound,164906,0.9226468412307618,"2,000,000 .. 5,000,000"
2183900,"Warhammer 40,000: Space Marine 2",162585,0.8287295876003321,"5,000,000 .. 10,000,000"
813780,Age of Empires II: Definitive Edition,162462,0.9482894461474068,"2,000,000 .. 5,000,000"
379430,Kingdom Come: Deliverance,162206,0.841189598411896,"2,000,000 .. 5,000,000"
1172380,STAR WARS Jedi: Fallen Order,158579,0.8858991417526911,"2,000,000 .. 5,000,000"
1593500,God of War,158017,0.9600612592316016,"5,000,000 .. 10,000,000"
1332010,Stray,156607,0.9725746614136022,"5,000,000 .. 10,000,000"
306130,The Elder Scrolls Online,154113,0.8143180653157099,"5,000,000 .. 10,000,000"
2379780,Balatro,153566,0.980190927679304,"2,000,000 .. 5,000,000"
1782210,Crab Game,152433,0.9154054568236536,"5,000,000 .. 10,000,000"
1811260,EA SPORTS FIFA 23,151419,0.5692284323631777,"5,000,000 .. 10,000,000"
244210,Assetto Corsa,151391,0.9263298346665256,"5,000,000 .. 10,000,000"
304390,FOR HONOR,150256,0.6952667447556171,"5,000,000 .. 10,000,000"
262060,Darkest Dungeon,149456,0.9168317096670592,"2,000,000 .. 5,000,000"
397540,Borderlands 3,149065,0.8402240633280783,"2,000,000 .. 5,000,000"
70,Half-Life,148221,0.9653557862920908,"10,000,000 .. 20,000,000"
444200,World of Tanks Blitz,148161,0.7856790923387396,"10,000,000 .. 20,000,000"
552990,World of Warships,146552,0.7702863147551722,"20,000,000 .. 50,000,000"
601150,Devil May Cry 5,146133,0.9598105835095426,"5,000,000 .. 10,000,000"
2881650,Content Warning,145091,0.9475639426291086,"5,000,000 .. 10,000,000"
671860,BattleBit Remastered,143124,0.8416338280092787,"5,000,000 .. 10,000,000"
227940,Heroes & Generals,142763,0.6759384434342232,"10,000,000 .. 20,000,000"
8870,BioShock Infinite,140682,0.93807310103638,"2,000,000 .. 5,000,000"
524220,NieR:Automata,140169,0.8705705255798357,"2,000,000 .. 5,000,000"
208650,Batman: Arkham Knight,140048,0.8864603564492174,"2,000,000 .. 5,000,000"
3590,Plants vs. Zombies GOTY Edition,139925,0.9760514561372164,"2,000,000 .. 5,000,000"
433340,Slime Rancher,138097,0.979536123159808,"2,000,000 .. 5,000,000"
686810,Hell Let Loose,137677,0.8240083674106786,"2,000,000 .. 5,000,000"
1057090,Ori and the Will of the Wisps,136690,0.9656083107762088,"2,000,000 .. 5,000,000"
391220,Rise of the Tomb Raider,136180,0.940519900132178,"2,000,000 .. 5,000,000"
508440,Totally Accurate Battle Simulator,135943,0.978159964102602,"2,000,000 .. 5,000,000"
236850,Europa Universalis IV,134436,0.8660775387545003,"5,000,000 .. 10,000,000"
552500,Warhammer: Vermintide 2,133723,0.8486872116240288,"2,000,000 .. 5,000,000"
1222680,Need for Speed Heat,132855,0.8391253622370253,"2,000,000 .. 5,000,000"
244850,Space Engineers,132347,0.8855810860843086,"2,000,000 .. 5,000,000"
1092790,Inscryption,131890,0.9689286526650998,"2,000,000 .. 5,000,000"
1868140,DAVE THE DIVER,129331,0.9697752279035962,"5,000,000 .. 10,000,000"
570940,DARK SOULS: REMASTERED,129299,0.9215229816162538,"2,000,000 .. 5,000,000"
361420,ASTRONEER,128956,0.9213762833834797,"2,000,000 .. 5,000,000"
457140,Oxygen Not Included,128390,0.9675208349559936,"2,000,000 .. 5,000,000"
1677740,Stumble Guys,128011,0.8502472443774363,"5,000,000 .. 10,000,000"
362890,Black Mesa,127693,0.9519864048929856,"2,000,000 .. 5,000,000"
220200,Kerbal Space Program,127162,0.9522027020650824,"2,000,000 .. 5,000,000"
581320,Insurgency: Sandstorm,126918,0.8498164168991003,"2,000,000 .. 5,000,000"
1158310,Crusader Kings III,126909,0.9003222781678211,"2,000,000 .. 5,000,000"
232090,Killing Floor 2,126866,0.8775006699982659,"2,000,000 .. 5,000,000"
238320,Outlast,125678,0.964528397969414,"2,000,000 .. 5,000,000"
204360,Castle Crashers,125598,0.9612653067724009,"5,000,000 .. 10,000,000"
1151640,Horizon Zero Dawn Complete Edition,125197,0.8790066854637092,"1,000,000 .. 2,000,000"
1289310,Helltaker,124918,0.977561280199811,"2,000,000 .. 5,000,000"
222880,Insurgency,124871,0.9175068670868336,"2,000,000 .. 5,000,000"
594570,Total War: WARHAMMER II,124252,0.9237356340340598,"5,000,000 .. 10,000,000"
323190,Frostpunk,123546,0.9252828905832644,"2,000,000 .. 5,000,000"
674940,Stick Fight: The Game,122658,0.935283471114807,"2,000,000 .. 5,000,000"
1151340,Fallout 76,122549,0.728965556634489,"2,000,000 .. 5,000,000"
225540,Just Cause 3,122161,0.8393186041371633,"5,000,000 .. 10,000,000"
412020,Metro Exodus,121315,0.8980340436054899,"2,000,000 .. 5,000,000"
1506830,FIFA 22,120871,0.8049325313764261,"2,000,000 .. 5,000,000"
504230,Celeste,120602,0.974652161655694,"2,000,000 .. 5,000,000"
1142710,Total War: WARHAMMER III,119858,0.7270353251347428,"2,000,000 .. 5,000,000"
386360,SMITE,119796,0.7877391565661624,"10,000,000 .. 20,000,000"
1604030,V Rising,119440,0.8891242464835901,"5,000,000 .. 10,000,000"
774171,Muse Dash,119429,0.9000410285609023,"2,000,000 .. 5,000,000"
1196590,Resident Evil Village,119350,0.9562714704650188,"2,000,000 .. 5,000,000"
1818750,MultiVersus,118212,0.7640341082123643,"5,000,000 .. 10,000,000"
301520,Robocraft,118055,0.7305069670916099,"5,000,000 .. 10,000,000"
1832640,Mirror 2: Project X,116712,0.2461272191377065,"2,000,000 .. 5,000,000"
335300,DARK SOULS II: Scholar of the First Sin,116710,0.8401336646388484,"2,000,000 .. 5,000,000"
223470,POSTAL 2,116058,0.96860190594358,"5,000,000 .. 10,000,000"
220240,Far Cry 3,114019,0.8938334838930354,"2,000,000 .. 5,000,000"
582160,Assassin's Creed Origins,113496,0.857307746528512,"1,000,000 .. 2,000,000"
1643320,S.T.A.L.K.E.R. 2: Heart of Chornobyl,113346,0.8052688228962646,"2,000,000 .. 5,000,000"
387990,Scrap Mechanic,113283,0.9225744374707592,"2,000,000 .. 5,000,000"
1361210,"Warhammer 40,000: Darktide",112960,0.7105878186968838,"2,000,000 .. 5,000,000"
1446780,MONSTER HUNTER RISE,112672,0.8215350752627094,"5,000,000 .. 10,000,000"
305620,The Long Dark,112575,0.9046946480124362,"2,000,000 .. 5,000,000"
1817070,Marvel’s Spider-Man Remastered,112392,0.9590184354758344,"2,000,000 .. 5,000,000"
629760,MORDHAU,112200,0.803048128342246,"2,000,000 .. 5,000,000"
513710,SCUM,112115,0.7465905543415243,"5,000,000 .. 10,000,000"
677620,Splitgate: Arena Warfare,111740,0.9158403436549132,"5,000,000 .. 10,000,000"
632470,Disco Elysium - The Final Cut,111712,0.9310548553423088,"2,000,000 .. 5,000,000"
2527500,MiSide,111087,0.98015969465374,"1,000,000 .. 2,000,000"
1903340,Clair Obscur: Expedition 33,111032,0.9566251170833634,"2,000,000 .. 5,000,000"
286690,Metro 2033 Redux,110967,0.9150738507844676,"5,000,000 .. 10,000,000"
899770,Last Epoch,110623,0.7957386800213337,"20,000,000 .. 50,000,000"
424840,Little Nightmares,110196,0.9480561907873244,"5,000,000 .. 10,000,000"
231430,Company of Heroes 2,109825,0.7895561119963579,"5,000,000 .. 10,000,000"
219740,Don't Starve,109816,0.9663254899103956,"2,000,000 .. 5,000,000"
2195250,EA SPORTS FC 24,109574,0.577518389398945,"5,000,000 .. 10,000,000"
1167630,Teardown,109462,0.9560669456066946,"2,000,000 .. 5,000,000"
440900,Conan Exiles Enhanced,107465,0.7870004187409855,"5,000,000 .. 10,000,000"
356190,Middle-earth: Shadow of War,107218,0.8865395735790632,"2,000,000 .. 5,000,000"
2054970,Dragon's Dogma 2,106939,0.6092632248291082,"2,000,000 .. 5,000,000"
219150,Hotline Miami,106657,0.9713286516590566,"2,000,000 .. 5,000,000"
976310,Mortal Kombat 11,106281,0.8810135395790405,"2,000,000 .. 5,000,000"
779340,Total War: THREE KINGDOMS,103745,0.7224540941732132,"5,000,000 .. 10,000,000"
1313140,Cult of the Lamb,103228,0.9562424923470376,"2,000,000 .. 5,000,000"
1687950,Persona 5 Royal,103144,0.9661928953695804,"2,000,000 .. 5,000,000"
1259420,Days Gone,103143,0.927808964253512,"2,000,000 .. 5,000,000"
1943950,Escape the Backrooms,102529,0.9102790430024676,"2,000,000 .. 5,000,000"
1771300,Kingdom Come: Deliverance II,102337,0.9408034239815511,"2,000,000 .. 5,000,000"
282070,This War of Mine,101740,0.9286809514448594,"2,000,000 .. 5,000,000"
268500,XCOM 2,101701,0.8474547939548284,"5,000,000 .. 10,000,000"
221380,Age of Empires II (Retired),101351,0.9578889206815916,"5,000,000 .. 10,000,000"
359320,Elite Dangerous,100024,0.7736943133647924,"2,000,000 .. 5,000,000"
287700,METAL GEAR SOLID V: THE PHANTOM PAIN,99922,0.9174656231860852,"2,000,000 .. 5,000,000"
755790,Ring of Elysium,99837,0.7446638019972556,"10,000,000 .. 20,000,000"
219990,Grim Dawn,99730,0.9374210367993584,"10,000,000 .. 20,000,000"
1217060,Gunfire Reborn,99172,0.9342858871455652,"2,000,000 .. 5,000,000"
1721470,Poppy Playtime,98914,0.8503649635036497,"5,000,000 .. 10,000,000"
233860,Kenshi,98135,0.9549294339430376,"2,000,000 .. 5,000,000"
418370,Resident Evil 7 Biohazard,97846,0.9526603029250046,"2,000,000 .. 5,000,000"
1942280,Brotato,97801,0.9665034099855828,"2,000,000 .. 5,000,000"
546560,Half-Life: Alyx,97229,0.9827829145625276,"2,000,000 .. 5,000,000"
848450,Subnautica: Below Zero,96660,0.9063418166770122,"2,000,000 .. 5,000,000"
460930,Tom Clancy's Ghost Recon Wildlands,96577,0.798720192178262,"2,000,000 .. 5,000,000"
2835570,Buckshot Roulette,95541,0.9602683664604724,"2,000,000 .. 5,000,000"
613100,House Flipper,95144,0.94168838812747,"2,000,000 .. 5,000,000"
376210,The Isle,94804,0.8141534112484705,"500,000 .. 1,000,000"
646910,The Crew 2,93865,0.7747722793373462,"2,000,000 .. 5,000,000"
365590,Tom Clancy’s The Division,93198,0.7044357175046675,"5,000,000 .. 10,000,000"
466240,Deceit,93027,0.7912326528857213,"5,000,000 .. 10,000,000"
389730,TEKKEN 7,92807,0.8321247319706487,"2,000,000 .. 5,000,000"
304050,Trove,92370,0.8022409873335499,"10,000,000 .. 20,000,000"
1665460,eFootball,92333,0.4772616507640821,"10,000,000 .. 20,000,000"
1030840,Mafia: Definitive Edition,91793,0.8681054110879914,"1,000,000 .. 2,000,000"
516750,My Summer Car,91394,0.945849836969604,"1,000,000 .. 2,000,000"
952060,Resident Evil 3,91235,0.816967172685921,"2,000,000 .. 5,000,000"
1046930,Dota Underlords,90894,0.8224195216405923,"5,000,000 .. 10,000,000"
241930,Middle-earth: Shadow of Mordor,90715,0.9243124069889214,"5,000,000 .. 10,000,000"
383870,Firewatch,90438,0.9042327340277316,"2,000,000 .. 5,000,000"
349040,NARUTO SHIPPUDEN: Ultimate Ninja STORM 4,88502,0.909753451899392,"2,000,000 .. 5,000,000"
629520,Soundpad,88384,0.960784757422158,"2,000,000 .. 5,000,000"
214950,Total War: ROME II - Emperor Edition,88173,0.8342576525693807,"2,000,000 .. 5,000,000"
703080,Planet Zoo,87849,0.9109836196200298,"2,000,000 .. 5,000,000"
1407200,World of Tanks,87836,0.8261988250831094,"1,000,000 .. 2,000,000"
20920,The Witcher 2: Assassins of Kings Enhanced Edition,87064,0.8953183864743177,"2,000,000 .. 5,000,000"
823130,Totally Accurate Battlegrounds,87012,0.8840045051257298,"2,000,000 .. 5,000,000"
582660,Black Desert,86919,0.7411037862837815,"5,000,000 .. 10,000,000"
311690,Enter the Gungeon,85562,0.9545008298076249,"2,000,000 .. 5,000,000"
1366540,Dyson Sphere Program,85088,0.9765771906731854,"2,000,000 .. 5,000,000"
962130,Grounded,84517,0.8930984299016765,"2,000,000 .. 5,000,000"
1248130,Farming Simulator 22,84512,0.9242474441499432,"2,000,000 .. 5,000,000"
753640,Outer Wilds,84488,0.9567394186156614,"1,000,000 .. 2,000,000"
683320,GRIS,83448,0.9635221934617966,"2,000,000 .. 5,000,000"
635260,CarX Drift Racing Online,83416,0.9531025222978804,"2,000,000 .. 5,000,000"
235460,METAL GEAR RISING: REVENGEANCE,83293,0.9603808243189704,"2,000,000 .. 5,000,000"
761890,Albion Online,83074,0.7894527770421552,"2,000,000 .. 5,000,000"
644560,Mirror,82973,0.9692189025345594,"2,000,000 .. 5,000,000"
20900,The Witcher: Enhanced Edition Director's Cut,82704,0.8895458502611724,"2,000,000 .. 5,000,000"
234140,Mad Max,82660,0.922211468666828,"2,000,000 .. 5,000,000"
12120,Grand Theft Auto: San Andreas,82629,0.920451657408416,"2,000,000 .. 5,000,000"
1274570,DEVOUR,82514,0.9096274571587852,"2,000,000 .. 5,000,000"
1222700,A Way Out,82462,0.8769251291503966,"2,000,000 .. 5,000,000"
254700,Resident Evil 4 (2005),82434,0.9341169905621468,"2,000,000 .. 5,000,000"
447040,Watch_Dogs 2,82379,0.8280386991830442,"2,000,000 .. 5,000,000"
205100,Dishonored,82370,0.9764113147990772,"2,000,000 .. 5,000,000"
291480,Warface: Clutch,82197,0.6636981884983637,"20,000,000 .. 50,000,000"
550650,Black Squad,81714,0.7592578995031452,"10,000,000 .. 20,000,000"
2001120,Split Fiction,81558,0.975330439687094,"2,000,000 .. 5,000,000"
1466860,Age of Empires IV: Anniversary Edition,80870,0.8601335476690986,"2,000,000 .. 5,000,000"
815370,Green Hell,80604,0.8598084462309563,"2,000,000 .. 5,000,000"
206440,To the Moon,80261,0.9624350556310038,"2,000,000 .. 5,000,000"
1150690,OMORI,80237,0.9724067450178844,"1,000,000 .. 2,000,000"
39210,FINAL FANTASY XIV Online,80036,0.8777799990004498,"2,000,000 .. 5,000,000"
1454400,Cookie Clicker,79892,0.9665298152505885,"2,000,000 .. 5,000,000"
1888930,The Last of Us Part I,79855,0.797858618746478,"1,000,000 .. 2,000,000"
750920,Shadow of the Tomb Raider: Definitive Edition,79443,0.8393942826932518,"2,000,000 .. 5,000,000"
881100,Noita,78477,0.9526230615339526,"2,000,000 .. 5,000,000"
1113000,Persona 4 Golden,78346,0.9701580170015062,"1,000,000 .. 2,000,000"
211420,DARK SOULS: Prepare To Die Edition,78137,0.9147394960134124,"1,000,000 .. 2,000,000"
1203620,Enshrouded,78080,0.8643186475409836,"2,000,000 .. 5,000,000"
438740,Friday the 13th: The Game,77513,0.8007560022189826,"2,000,000 .. 5,000,000"
295110,Just Survive,77356,0.5909819535653343,"1,000,000 .. 2,000,000"
206420,Saints Row IV: Re-Elected,77144,0.8784610598361505,"5,000,000 .. 10,000,000"
1888160,ARMORED CORE VI FIRES OF RUBICON,77042,0.9141117831831987,"2,000,000 .. 5,000,000"
240720,Getting Over It with Bennett Foddy,77003,0.8243704790722439,"2,000,000 .. 5,000,000"
397900,Business Tour - Board Game with Online Multiplayer,76772,0.6065622883342885,"5,000,000 .. 10,000,000"
2399830,ARK: Survival Ascended,75995,0.5905651687611027,"2,000,000 .. 5,000,000"
331470,Everlasting Summer,75514,0.9480626109065868,"500,000 .. 1,000,000"
602960,Barotrauma,75334,0.9384076247112856,"2,000,000 .. 5,000,000"
212680,FTL: Faster Than Light,75052,0.953485583328892,"2,000,000 .. 5,000,000"
863550,HITMAN 2,74943,0.9095579306939942,"5,000,000 .. 10,000,000"
2669320,EA SPORTS FC 25,74796,0.4980613936574148,"5,000,000 .. 10,000,000"
787860,Farming Simulator 19,74620,0.9440900562851784,"2,000,000 .. 5,000,000"
620980,Beat Saber,74612,0.9561598670455156,"2,000,000 .. 5,000,000"
588430,Fallout Shelter,74448,0.884469696969697,"2,000,000 .. 5,000,000"
223710,Cry of Fear,74408,0.8850123642619073,"5,000,000 .. 10,000,000"
289650,Assassin's Creed Unity,74294,0.7815570570974776,"2,000,000 .. 5,000,000"
224260,No More Room in Hell,74253,0.8989939800412104,"5,000,000 .. 10,000,000"
239030,"Papers, Please",74187,0.9727849892838368,"2,000,000 .. 5,000,000"
203770,Crusader Kings II,73809,0.8990637998076115,"2,000,000 .. 5,000,000"
218230,PlanetSide 2,73694,0.8087225554319212,"5,000,000 .. 10,000,000"
35140,Batman: Arkham Asylum Game of the Year Edition,73651,0.9631912669210194,"2,000,000 .. 5,000,000"
207610,The Walking Dead,73628,0.9729043298745044,"2,000,000 .. 5,000,000"
636480,Ravenfield,73605,0.9692412200258136,"1,000,000 .. 2,000,000"
949230,Cities: Skylines II,73524,0.5263179370001632,"2,000,000 .. 5,000,000"
766570,Russian Fishing 4,73485,0.5388582703953188,"5,000,000 .. 10,000,000"
638970,Yakuza 0,73481,0.9566010261155944,"1,000,000 .. 2,000,000"
414340,Hellblade: Senua's Sacrifice,73472,0.9011868466898956,"2,000,000 .. 5,000,000"
977950,A Dance of Fire and Ice,73471,0.9398538198745084,"2,000,000 .. 5,000,000"
678950,DRAGON BALL FighterZ,72976,0.9041054593290944,"2,000,000 .. 5,000,000"
365670,Blender,72881,0.9630219124325956,"5,000,000 .. 10,000,000"
728880,Overcooked! 2,72801,0.906471064957899,"2,000,000 .. 5,000,000"
233450,Prison Architect,72330,0.8909028065809484,"5,000,000 .. 10,000,000"
1363080,Manor Lords,72120,0.8627842484747643,"2,000,000 .. 5,000,000"
238460,BattleBlock Theater,71614,0.972114391040858,"2,000,000 .. 5,000,000"
471710,Rec Room,71223,0.8951602712606883,"2,000,000 .. 5,000,000"
1237950,STAR WARS Battlefront II,71208,0.875491517806988,"2,000,000 .. 5,000,000"
1533390,Gorilla Tag,71163,0.912918229979062,"1,000,000 .. 2,000,000"
1238860,Battlefield 4,71148,0.8524484173834823,"1,000,000 .. 2,000,000"
242050,Assassin’s Creed IV Black Flag,71071,0.8856214208326885,"5,000,000 .. 10,000,000"
460950,Katana ZERO,71069,0.9803430468980848,"2,000,000 .. 5,000,000"
286160,Tabletop Simulator,70660,0.9444523068213982,"2,000,000 .. 5,000,000"
250820,SteamVR,70640,0.8767412231030578,"1,000,000 .. 2,000,000"
493340,Planet Coaster,70278,0.9125330828993428,"2,000,000 .. 5,000,000"
287390,Metro: Last Light Redux,70096,0.9063855284181692,"2,000,000 .. 5,000,000"
307690,Sleeping Dogs: Definitive Edition,69029,0.9364759738660564,"2,000,000 .. 5,000,000"
200260,Batman: Arkham City - Game of the Year Edition,68636,0.9608223089923656,"2,000,000 .. 5,000,000"
55230,Saints Row: The Third,68600,0.9569096209912537,"2,000,000 .. 5,000,000"
265930,Goat Simulator,68580,0.907684456109653,"2,000,000 .. 5,000,000"
924970,Back 4 Blood,68441,0.6842828129337678,"1,000,000 .. 2,000,000"
2670630,Supermarket Simulator,68341,0.9380020778156596,"2,000,000 .. 5,000,000"
213670,South Park: The Stick of Truth,68305,0.9755654783690798,"2,000,000 .. 5,000,000"
304430,INSIDE,68046,0.9692560914675368,"2,000,000 .. 5,000,000"
1286830,STAR WARS: The Old Republic,67952,0.8956910760536849,"5,000,000 .. 10,000,000"
424370,Wolcen: Lords of Mayhem,67677,0.5592150952317626,"1,000,000 .. 2,000,000"
1250,Killing Floor,67472,0.9488973203699312,"2,000,000 .. 5,000,000"
2709570,Supermarket Together,67435,0.9489730851931488,"2,000,000 .. 5,000,000"
431240,Golf With Your Friends,67080,0.8811121049493142,"2,000,000 .. 5,000,000"
1774580,STAR WARS Jedi: Survivor,67054,0.6879679064634474,"1,000,000 .. 2,000,000"
387290,Ori and the Blind Forest: Definitive Edition,66979,0.9523582018244524,"2,000,000 .. 5,000,000"
1304930,The Outlast Trials,66956,0.9339416930521536,"2,000,000 .. 5,000,000"
1404210,Red Dead Online,66781,0.8314640391728186,"2,000,000 .. 5,000,000"
2231450,Pizza Tower,66693,0.9835964793906408,"1,000,000 .. 2,000,000"
274170,Hotline Miami 2: Wrong Number,66634,0.941576372422487,"2,000,000 .. 5,000,000"
17390,SPORE,66120,0.9244404113732608,"2,000,000 .. 5,000,000"
3146520,WEBFISHING,65810,0.9796839386111532,"1,000,000 .. 2,000,000"
380600,Fishing Planet,65699,0.867653997777744,"5,000,000 .. 10,000,000"
2622380,ELDEN RING NIGHTREIGN,65672,0.7446248020465343,"2,000,000 .. 5,000,000"
1250410,Microsoft Flight Simulator (2020) 40th Anniversary Edition,65666,0.7887491243565925,"2,000,000 .. 5,000,000"
219640,Chivalry: Medieval Warfare,65444,0.8253774219179757,"5,000,000 .. 10,000,000"
1790600,DRAGON BALL: Sparking! ZERO,65180,0.8932341208959803,"2,000,000 .. 5,000,000"
2215430,Ghost of Tsushima DIRECTOR'S CUT,65115,0.9381248560239576,"2,000,000 .. 5,000,000"
1049590,Eternal Return,65046,0.7947298834670848,"5,000,000 .. 10,000,000"
489520,Minion Masters,64905,0.8952777135813882,"500,000 .. 1,000,000"
747660,Five Nights at Freddy's: Security Breach,64859,0.8646448449713995,"1,000,000 .. 2,000,000"
466560,Northgard: Definitive Edition,64695,0.8631888090269727,"2,000,000 .. 5,000,000"
201270,Total War: SHOGUN 2,64276,0.9154116622067334,"2,000,000 .. 5,000,000"
386180,Crossout,64139,0.7517890830851743,"5,000,000 .. 10,000,000"
1145350,Hades II,64132,0.9487307428428864,"2,000,000 .. 5,000,000"
1260320,Party Animals,64032,0.7839517741129435,"2,000,000 .. 5,000,000"
1139900,Ghostrunner,63149,0.9139178767676448,"2,000,000 .. 5,000,000"
752590,A Plague Tale: Innocence,63042,0.9344405317090194,"1,000,000 .. 2,000,000"
403640,Dishonored 2,62782,0.894444267465197,"2,000,000 .. 5,000,000"
495420,State of Decay 2: Juggernaut Edition,62716,0.8291504560239811,"2,000,000 .. 5,000,000"
388520,Call of Duty: Black Ops III,62347,0.625034083436252,"0 .. 20,000"
493520,GTFO,62097,0.8431486223166981,"2,000,000 .. 5,000,000"
500,Left 4 Dead,61894,0.9632920800077552,"5,000,000 .. 10,000,000"
363970,Clicker Heroes,61304,0.8969887772412893,"5,000,000 .. 10,000,000"
298110,Far Cry 4,61267,0.8425090179052345,"2,000,000 .. 5,000,000"
1778820,TEKKEN 8,61068,0.5407087181502588,"1,000,000 .. 2,000,000"
214490,Alien: Isolation,60831,0.932353569725962,"2,000,000 .. 5,000,000"
1089350,NBA 2K20,60673,0.4987391426169795,"5,000,000 .. 10,000,000"
838350,The Scroll of Taiwu : Beyond The Dome,60637,0.6984184573775087,"2,000,000 .. 5,000,000"
680420,OUTRIDERS,60468,0.6659224713898261,"2,000,000 .. 5,000,000"
113200,The Binding of Isaac,60379,0.9489888868646384,"1,000,000 .. 2,000,000"
1282100,REMNANT II,60363,0.8324470288090386,"1,000,000 .. 2,000,000"
285900,Gang Beasts,60270,0.850622200099552,"2,000,000 .. 5,000,000"
1384160,GUILTY GEAR -STRIVE-,59382,0.8820349600889158,"1,000,000 .. 2,000,000"
504370,Battlerite,59348,0.8457909280851924,"2,000,000 .. 5,000,000"
2479810,Gray Zone Warfare,59318,0.6782932667992853,"2,000,000 .. 5,000,000"
346900,AdVenture Capitalist,59166,0.8783422911807457,"5,000,000 .. 10,000,000"
312660,Sniper Elite 4,59155,0.9115543910066772,"2,000,000 .. 5,000,000"
274190,Broforce,58880,0.9694293478260868,"2,000,000 .. 5,000,000"
1272080,PAYDAY 3,58692,0.4344203639337559,"2,000,000 .. 5,000,000"
871720,Ultimate Custom Night,58273,0.950594615001802,"2,000,000 .. 5,000,000"
409710,BioShock Remastered,58263,0.8231982561831694,"2,000,000 .. 5,000,000"
10180,Call of Duty: Modern Warfare 2 (2009),58118,0.9316390791149042,"5,000,000 .. 10,000,000"
418460,Rising Storm 2: Vietnam,57563,0.8677796501224745,"2,000,000 .. 5,000,000"
629730,Blade and Sorcery,57485,0.9666173784465512,"1,000,000 .. 2,000,000"
261570,Ori and the Blind Forest,57412,0.9431826099073364,"2,000,000 .. 5,000,000"
678960,CODE VEIN,57318,0.8431382811682194,"2,000,000 .. 5,000,000"
48000,LIMBO,57284,0.9259653655470986,"2,000,000 .. 5,000,000"
209000,Batman: Arkham Origins,57263,0.893980406195973,"2,000,000 .. 5,000,000"
333930,Dirty Bomb,57167,0.8127766018857033,"5,000,000 .. 10,000,000"
760160,Vampire: The Masquerade - Bloodhunt,57084,0.7608611870226333,"2,000,000 .. 5,000,000"
204100,Max Payne 3,57076,0.8658630597799425,"2,000,000 .. 5,000,000"
813820,Realm Royale,56743,0.7617327247413778,"5,000,000 .. 10,000,000"
1364780,Street Fighter 6,56666,0.851515900187061,"2,000,000 .. 5,000,000"
360430,Mafia III: Definitive Edition,56508,0.5727684575635308,"1,000,000 .. 2,000,000"
201810,Wolfenstein: The New Order,56469,0.9153872035984344,"2,000,000 .. 5,000,000"
200510,XCOM: Enemy Unknown,56414,0.9344666217605558,"2,000,000 .. 5,000,000"
1328670,Mass Effect Legendary Edition,56328,0.9106483454054822,"1,000,000 .. 2,000,000"
1313860,EA SPORTS FIFA 21,56283,0.7623261020201482,"1,000,000 .. 2,000,000"
307780,Mortal Kombat X,56252,0.8546718338903506,"2,000,000 .. 5,000,000"
633230,NARUTO TO BORUTO: SHINOBI STRIKER,56030,0.8412993039443155,"2,000,000 .. 5,000,000"
3240220,Grand Theft Auto V Enhanced,55881,0.6906640897621732,"5,000,000 .. 10,000,000"
203140,Hitman: Absolution,55701,0.9294088077413332,"2,000,000 .. 5,000,000"
246620,Plague Inc: Evolved,55664,0.9444344639264156,"1,000,000 .. 2,000,000"
414700,Outlast 2,55500,0.9130810810810812,"1,000,000 .. 2,000,000"
50130,Mafia II (Classic),54997,0.9432514500790952,"2,000,000 .. 5,000,000"
1621690,Core Keeper,54979,0.928390840138962,"1,000,000 .. 2,000,000"
50300,Spec Ops: The Line,54909,0.9336720756160192,"2,000,000 .. 5,000,000"
1147560,Skul: The Hero Slayer,54901,0.9329156117374912,"1,000,000 .. 2,000,000"
221040,Resident Evil 6,54720,0.7856907894736842,"2,000,000 .. 5,000,000"
851850,DRAGON BALL Z: KAKAROT,54680,0.9322604242867594,"1,000,000 .. 2,000,000"
33230,Assassin's Creed 2,54646,0.8932950261684295,"2,000,000 .. 5,000,000"
674020,World War 3,54529,0.5409048396266207,"2,000,000 .. 5,000,000"
1284190,The Planet Crafter,54316,0.9604536416525518,"1,000,000 .. 2,000,000"
648350,Jurassic World Evolution,53956,0.8725813625917415,"2,000,000 .. 5,000,000"
880940,Pummel Party,53814,0.8882446946891144,"2,000,000 .. 5,000,000"
420530,OneShot,53704,0.9828876806196932,"1,000,000 .. 2,000,000"
637650,FINAL FANTASY XV WINDOWS EDITION,53688,0.8313217106243481,"2,000,000 .. 5,000,000"
6060,"STAR WARS Battlefront II (Classic, 2005)",53287,0.9457466173738436,"2,000,000 .. 5,000,000"
2567870,Chained Together,53138,0.9066957732696,"2,000,000 .. 5,000,000"
573090,Stormworks: Build and Rescue,52942,0.9002682180499414,"1,000,000 .. 2,000,000"
454650,DRAGON BALL XENOVERSE 2,52883,0.903522871244067,"1,000,000 .. 2,000,000"
617290,Remnant: From the Ashes,52842,0.8470724045267023,"2,000,000 .. 5,000,000"
2593370,The Hungry Lamb: Traveling in the Late Ming Dynasty,52780,0.9636036377415688,"1,000,000 .. 2,000,000"
529340,Victoria 3,52618,0.6659888251168802,"1,000,000 .. 2,000,000"
2623190,The Elder Scrolls IV: Oblivion Remastered,52558,0.8051295711404544,"2,000,000 .. 5,000,000"
1627720,Lies of P,52485,0.9209488425264362,"1,000,000 .. 2,000,000"
364360,Total War: WARHAMMER,52422,0.7799969478463241,"1,000,000 .. 2,000,000"
1290000,PowerWash Simulator,52410,0.9686510207975576,"1,000,000 .. 2,000,000"
319510,Five Nights at Freddy's,52237,0.9347971744166012,"2,000,000 .. 5,000,000"
253230,A Hat in Time,51687,0.978524580648906,"500,000 .. 1,000,000"
621060,PC Building Simulator,51655,0.936133965734198,"1,000,000 .. 2,000,000"
645630,Car Mechanic Simulator 2018,51521,0.9135109955163914,"2,000,000 .. 5,000,000"
470220,UNO,51518,0.7215536317403626,"2,000,000 .. 5,000,000"
774361,Blasphemous,51484,0.9011149094864424,"1,000,000 .. 2,000,000"
1919590,NBA 2K23,51475,0.6198737251092763,"1,000,000 .. 2,000,000"
1693980,Dead Space,51259,0.9068651358785774,"500,000 .. 1,000,000"
480490,Prey,51033,0.9088432974741834,"1,000,000 .. 2,000,000"
8190,Just Cause 2,50739,0.9066201541220756,"2,000,000 .. 5,000,000"
1089980,The Henry Stickmin Collection,50698,0.98656751745631,"1,000,000 .. 2,000,000"
22330,The Elder Scrolls IV: Oblivion Game of the Year Edition (2009),50661,0.953534276859912,"2,000,000 .. 5,000,000"
900883,The Elder Scrolls IV: Oblivion Game of the Year Edition Deluxe (2009),50661,0.953534276859912,"2,000,000 .. 5,000,000"
22370,Fallout 3: Game of the Year Edition,50593,0.8119305042199514,"2,000,000 .. 5,000,000"
10090,Call of Duty: World at War,50549,0.9231636629804744,"2,000,000 .. 5,000,000"
1371980,No Rest for the Wicked,50533,0.7829141353175153,"2,000,000 .. 5,000,000"
870780,CONTROL Ultimate Edition,50448,0.8730772280367903,"1,000,000 .. 2,000,000"
2344520,Diablo IV,50302,0.6554212556160789,"1,000,000 .. 2,000,000"
552100,Brick Rigs,50122,0.9455129484058896,"1,000,000 .. 2,000,000"
346010,Besiege,49754,0.954516219801423,"1,000,000 .. 2,000,000"
1846380,Need for Speed Unbound,49608,0.602846315110466,"1,000,000 .. 2,000,000"
108710,Alan Wake,49163,0.9041148831438276,"2,000,000 .. 5,000,000"
21690,Resident Evil 5,49117,0.8715312417289329,"1,000,000 .. 2,000,000"
22490,Fallout: New Vegas,48906,0.9559767717662454,"500,000 .. 1,000,000"
644930,They Are Billions,48765,0.8511842509996924,"2,000,000 .. 5,000,000"
3097560,Liar's Bar,48550,0.9133058702368692,"2,000,000 .. 5,000,000"
273350,Evolve Stage 2,48362,0.6998056325214012,"5,000,000 .. 10,000,000"
933110,Age of Empires III: Definitive Edition,48342,0.8469033138885441,"1,000,000 .. 2,000,000"
386940,Ultimate Chicken Horse,48300,0.9589855072463768,"1,000,000 .. 2,000,000"
502500,ACE COMBAT 7: SKIES UNKNOWN,48192,0.8757055112881806,"2,000,000 .. 5,000,000"
881020,Granblue Fantasy: Relink,47999,0.8982687139315403,"2,000,000 .. 5,000,000"
994280,Gujian3(古剑奇谭三),47845,0.8609677082244749,"1,000,000 .. 2,000,000"
1017180,The Long Drive,47427,0.901617222257364,"1,000,000 .. 2,000,000"
4500,S.T.A.L.K.E.R.: Shadow of Chernobyl,47291,0.9465014484785688,"1,000,000 .. 2,000,000"
1451940,NEEDY STREAMER OVERLOAD,47205,0.9473149030823006,"1,000,000 .. 2,000,000"
1149460,ICARUS,47072,0.7237848402447314,"500,000 .. 1,000,000"
202970,Call of Duty: Black Ops II,47017,0.8627305017334156,"2,000,000 .. 5,000,000"
1824220,Chivalry 2,46961,0.8022188624603395,"2,000,000 .. 5,000,000"
367500,Dragon's Dogma: Dark Arisen,46686,0.884847705950392,"2,000,000 .. 5,000,000"
200210,Realm of the Mad God Exalt,46620,0.8306091806091807,"500,000 .. 1,000,000"
972660,Spiritfarer: Farewell Edition,46417,0.9520649761940668,"1,000,000 .. 2,000,000"
603850,Age of History II,46395,0.8984588856557819,"1,000,000 .. 2,000,000"
1418630,Dread Hunger,46185,0.6032045036267186,"1,000,000 .. 2,000,000"
313120,Stranded Deep,45828,0.744479357597975,"1,000,000 .. 2,000,000"
1659040,HITMAN World of Assassination,45782,0.8616705255340527,"2,000,000 .. 5,000,000"
243470,Watch_Dogs,45723,0.782319620322376,"1,000,000 .. 2,000,000"
1325200,Nioh 2 – The Complete Edition,45496,0.8784288728679445,"1,000,000 .. 2,000,000"
868270,The Cycle: Frontier,45422,0.6361014486372243,"5,000,000 .. 10,000,000"
2322560,Love Is All Around,45414,0.9356145681948298,"1,000,000 .. 2,000,000"
282140,SOMA,45365,0.959550314118814,"2,000,000 .. 5,000,000"
1129580,Medieval Dynasty,45166,0.9075853518133108,"1,000,000 .. 2,000,000"
501300,What Remains of Edith Finch,45053,0.957272545668435,"500,000 .. 1,000,000"
920210,LEGO Star Wars: The Skywalker Saga,45038,0.9073449087437276,"1,000,000 .. 2,000,000"
1987080,Inside the Backrooms,45032,0.8179960916681471,"1,000,000 .. 2,000,000"
221910,The Stanley Parable,44982,0.924414210128496,"2,000,000 .. 5,000,000"
690790,DiRT Rally 2.0,44595,0.8831259109765669,"1,000,000 .. 2,000,000"
612880,Wolfenstein II: The New Colossus,44497,0.8109310740049891,"1,000,000 .. 2,000,000"
244450,Men of War: Assault Squad 2,44401,0.9125920587374158,"1,000,000 .. 2,000,000"
200710,Torchlight II,44341,0.927606504138382,"2,000,000 .. 5,000,000"
236430,DARK SOULS II,44324,0.8844192762386066,"500,000 .. 1,000,000"
505460,Foxhole,44068,0.8363211400562767,"1,000,000 .. 2,000,000"
1206560,WorldBox - God Simulator,44062,0.9503426989242432,"1,000,000 .. 2,000,000"
1562430,DREDGE,43966,0.958172223991266,"1,000,000 .. 2,000,000"
568220,Lobotomy Corporation | Monster Management Simulation,43932,0.9381088955658744,"1,000,000 .. 2,000,000"
1465360,SnowRunner,43881,0.8998883343588341,"1,000,000 .. 2,000,000"
1817190,Marvel’s Spider-Man: Miles Morales,43681,0.9322588768572148,"1,000,000 .. 2,000,000"
310950,Street Fighter V,43651,0.6764793475521752,"2,000,000 .. 5,000,000"
599140,Graveyard Keeper,43647,0.8642289275322473,"1,000,000 .. 2,000,000"
601510,Yu-Gi-Oh! Duel Links,43630,0.8330277332110932,"2,000,000 .. 5,000,000"
269210,Hero Siege,43512,0.6851673101673101,"1,000,000 .. 2,000,000"
2338770,NBA 2K24,43462,0.312157746997377,"1,000,000 .. 2,000,000"
476600,Call of Duty: WWII,43333,0.693582258325064,"2,000,000 .. 5,000,000"
666140,My Time at Portia,43270,0.9168245897850704,"1,000,000 .. 2,000,000"
2124490,SILENT HILL 2,43049,0.9530534971776348,"500,000 .. 1,000,000"
860510,Little Nightmares II,43042,0.9408020073416664,"1,000,000 .. 2,000,000"
253710,theHunter Classic,42953,0.5810769911298396,"5,000,000 .. 10,000,000"
273110,Counter-Strike Nexon: Studio,42702,0.6644419465130439,"5,000,000 .. 10,000,000"
2161700,Persona 3 Reload,42567,0.9439706815138488,"1,000,000 .. 2,000,000"
834910,ATLAS,42534,0.4735505713076597,"1,000,000 .. 2,000,000"
261640,Borderlands: The Pre-Sequel,42379,0.7923027914769107,"2,000,000 .. 5,000,000"
843380,Super Animal Royale,42367,0.9362711544362358,"1,000,000 .. 2,000,000"
312520,Rain World,42277,0.941102727251224,"1,000,000 .. 2,000,000"
1295660,Sid Meier's Civilization VII,42248,0.4852774095815186,"1,000,000 .. 2,000,000"
242920,Banished,42246,0.9035885054206316,"2,000,000 .. 5,000,000"
1501750,Lords of the Fallen,42133,0.6638264543232146,"1,000,000 .. 2,000,000"
420,Half-Life 2: Episode Two,41782,0.9706572208127902,"5,000,000 .. 10,000,000"
1419170,My Singing Monsters,41701,0.9386585453586244,"1,000,000 .. 2,000,000"
967050,Pacify,41691,0.865198723945216,"2,000,000 .. 5,000,000"
1288310,Firework,41558,0.9786803984792338,"500,000 .. 1,000,000"
527230,For The King,41487,0.881746089136356,"2,000,000 .. 5,000,000"
1669980,Volcano Princess,41180,0.9783875667799904,"1,000,000 .. 2,000,000"
225080,Brothers - A Tale of Two Sons,40995,0.9445298207098428,"1,000,000 .. 2,000,000"
751780,Forager,40881,0.8989750739952546,"1,000,000 .. 2,000,000"
245170,Skullgirls 2nd Encore,40853,0.7251119868797885,"2,000,000 .. 5,000,000"
337000,Deus Ex: Mankind Divided,40850,0.7597796817625458,"2,000,000 .. 5,000,000"
302510,Ryse: Son of Rome,40826,0.867461911526968,"2,000,000 .. 5,000,000"
204450,Call of Juarez: Gunslinger,40706,0.9502039011447944,"2,000,000 .. 5,000,000"
1840,Source Filmmaker,40659,0.9294621117095846,"1,000,000 .. 2,000,000"
704270,Generation Zero,40504,0.717287181512937,"1,000,000 .. 2,000,000"
1845910,Dragon Age: The Veilguard,40479,0.6946317843820252,"2,000,000 .. 5,000,000"
42700,Call of Duty: Black Ops,40225,0.908141702921069,"2,000,000 .. 5,000,000"
24240,PAYDAY The Heist,40223,0.934042711881262,"2,000,000 .. 5,000,000"
1080110,F1 2020,40097,0.9360051874205052,"1,000,000 .. 2,000,000"
310560,DiRT Rally,39791,0.8791183936065945,"2,000,000 .. 5,000,000"
555160,Pavlov,39672,0.8951401492236338,"1,000,000 .. 2,000,000"
1369630,ENDER LILIES: Quietus of the Knights,39533,0.9398477221561732,"1,000,000 .. 2,000,000"
1850570,DEATH STRANDING DIRECTOR'S CUT,39516,0.9286618078752912,"1,000,000 .. 2,000,000"
3070070,TCG Card Shop Simulator,39499,0.9719739740246588,"2,000,000 .. 5,000,000"
692850,Bloodstained: Ritual of the Night,39485,0.937039382043814,"1,000,000 .. 2,000,000"
32470,STAR WARS Empire at War - Gold Pack,39435,0.9763661721820718,"1,000,000 .. 2,000,000"
1544020,The Callisto Protocol,39430,0.6492772001014456,"1,000,000 .. 2,000,000"
208090,Loadout,39312,0.8704212454212454,"5,000,000 .. 10,000,000"
1088850,Marvel's Guardians of the Galaxy,39158,0.9412380611880076,"500,000 .. 1,000,000"
1644960,NBA 2K22,39093,0.5756273501649912,"500,000 .. 1,000,000"
1225330,NBA 2K21,39056,0.4156339614911921,"1,000,000 .. 2,000,000"
805550,Assetto Corsa Competizione,38943,0.9253267596230388,"1,000,000 .. 2,000,000"
745920,Temtem,38941,0.8173390513854293,"500,000 .. 1,000,000"
1128810,RISK: Global Domination,38843,0.7996292768323765,"2,000,000 .. 5,000,000"
322500,SUPERHOT,38776,0.9126779451206932,"1,000,000 .. 2,000,000"
2551020,One-armed robber,38728,0.913886593678992,"2,000,000 .. 5,000,000"
1178830,Bright Memory: Infinite,38711,0.92020355971171,"1,000,000 .. 2,000,000"
544810,KARDS - The WWII Card Game,38679,0.7379456552651309,"2,000,000 .. 5,000,000"
228380,Wreckfest,38617,0.8812440117046897,"1,000,000 .. 2,000,000"
884660,CRSED: F.O.A.D.,38590,0.7880538999740866,"2,000,000 .. 5,000,000"
109600,Neverwinter,38585,0.7761306207075288,"5,000,000 .. 10,000,000"
895400,Deadside,38581,0.7647287524947513,"500,000 .. 1,000,000"
1184370,Pathfinder: Wrath of the Righteous - Enhanced Edition,38496,0.8391261429758936,"2,000,000 .. 5,000,000"
312530,Duck Game,38476,0.9661087431125897,"2,000,000 .. 5,000,000"
611500,Quake Champions,38365,0.737573309005604,"2,000,000 .. 5,000,000"
668580,Atomic Heart,37995,0.8202921437031189,"1,000,000 .. 2,000,000"
2420510,HoloCure - Save the Fans!,37986,0.9904438477333756,"1,000,000 .. 2,000,000"
115300,Call of Duty: Modern Warfare 3 (2011),37953,0.8865438832239876,"2,000,000 .. 5,000,000"
1259970,eFootball PES 2021 SEASON UPDATE,37942,0.7746824099942017,"1,000,000 .. 2,000,000"
675010,MudRunner,37696,0.911210738539898,"1,000,000 .. 2,000,000"
17410,Mirror's Edge,37652,0.8759959630298524,"2,000,000 .. 5,000,000"
35450,Red Orchestra 2: Heroes of Stalingrad with Rising Storm,37628,0.9239130434782608,"2,000,000 .. 5,000,000"
1210320,Potion Craft: Alchemist Simulator,37608,0.9231014677728144,"1,000,000 .. 2,000,000"
412220,DDraceNetwork,37450,0.8929238985313752,"1,000,000 .. 2,000,000"
107100,Bastion,37392,0.953706675224647,"2,000,000 .. 5,000,000"
242860,Verdun,37317,0.8613232574965833,"1,000,000 .. 2,000,000"
1462040,FINAL FANTASY VII REMAKE INTERGRADE,37307,0.8866700619186748,"1,000,000 .. 2,000,000"
554620,Life is Strange: Before the Storm,37293,0.9328024025956614,"2,000,000 .. 5,000,000"
113400,APB Reloaded,37292,0.6353373377668132,"5,000,000 .. 10,000,000"
787480,Phoenix Wright: Ace Attorney Trilogy,37254,0.9762710044558972,"1,000,000 .. 2,000,000"
418240,Shadow Tactics: Blades of the Shogun,37237,0.9605231355909444,"1,000,000 .. 2,000,000"
236870,HITMAN,37200,0.8326075268817205,"2,000,000 .. 5,000,000"
223750,DCS World Steam Edition,37189,0.8513538949689424,"5,000,000 .. 10,000,000"
24960,Battlefield: Bad Company 2,37187,0.8537661010568209,"2,000,000 .. 5,000,000"
2021910,FPS Chess,37132,0.8408650220833782,"1,000,000 .. 2,000,000"
1971870,Mortal Kombat 1,37125,0.6970774410774411,"500,000 .. 1,000,000"
1296830,暖雪 Warm Snow,37007,0.9307428324371064,"1,000,000 .. 2,000,000"
207140,SpeedRunners,36740,0.9397114861186716,"2,000,000 .. 5,000,000"
1557740,ROUNDS,36658,0.9518522559877788,"2,000,000 .. 5,000,000"
1244460,Jurassic World Evolution 2,36638,0.8957093727823571,"1,000,000 .. 2,000,000"
532210,Life is Strange 2,36634,0.8630234208658624,"10,000,000 .. 20,000,000"
438040,Shakes and Fidget,36593,0.9246850490530976,"1,000,000 .. 2,000,000"
2321470,Deep Rock Galactic: Survivor,36558,0.8669237923299962,"1,000,000 .. 2,000,000"
657200,Hand Simulator,36526,0.8392104254503642,"1,000,000 .. 2,000,000"
447530,VA-11 Hall-A: Cyberpunk Bartender Action,36462,0.9743294388678624,"500,000 .. 1,000,000"
334230,Town of Salem,36409,0.8815128127660743,"1,000,000 .. 2,000,000"
8500,EVE Online,36388,0.7368638012531604,"2,000,000 .. 5,000,000"
12200,Bully: Scholarship Edition,36334,0.8457642979027907,"2,000,000 .. 5,000,000"
265630,Fistful of Frags,36262,0.9136285919144008,"2,000,000 .. 5,000,000"
1119730,"Ranch Simulator: Build, Hunt, Farm",36019,0.8044920736278075,"1,000,000 .. 2,000,000"
1562700,SANABI,35954,0.9737720420537354,"500,000 .. 1,000,000"
383980,Rivals of Aether,35826,0.9589962596996596,"1,000,000 .. 2,000,000"
704850,Thief Simulator,35807,0.882536934119027,"1,000,000 .. 2,000,000"
239820,Game Dev Tycoon,35783,0.9536930944862084,"1,000,000 .. 2,000,000"
823500,BONEWORKS,35679,0.9225875164662688,"1,000,000 .. 2,000,000"
250320,The Wolf Among Us,35678,0.9785862436235216,"1,000,000 .. 2,000,000"
475150,Titan Quest Anniversary Edition,35521,0.9091804847836492,"2,000,000 .. 5,000,000"
40800,Super Meat Boy,35494,0.945821829041528,"2,000,000 .. 5,000,000"
10500,Total War: EMPIRE – Definitive Edition,35480,0.9078635851183764,"1,000,000 .. 2,000,000"
266840,Age of Mythology: Extended Edition,35308,0.9316585476379292,"2,000,000 .. 5,000,000"
824270,KovaaK's,35305,0.9283670868148988,"500,000 .. 1,000,000"
1135690,Unpacking,35301,0.9315033568454152,"500,000 .. 1,000,000"
992300,嗜血印 Bloody Spell,35117,0.8916194435743372,"1,000,000 .. 2,000,000"
1134570,F1 2021,35086,0.8568089836401984,"1,000,000 .. 2,000,000"
325610,Total War: ATTILA,35072,0.8207401916058394,"2,000,000 .. 5,000,000"
1241100,POLYGON: Multiplayer Shooter,35069,0.7503207961447432,"1,000,000 .. 2,000,000"
326460,ShellShock Live,34893,0.932565270971255,"1,000,000 .. 2,000,000"
485510,Nioh: Complete Edition,34892,0.7986644503037945,"2,000,000 .. 5,000,000"
10190,Call of Duty: Modern Warfare 2 (2009),34872,0.9160644643266804,"5,000,000 .. 10,000,000"
2679460,Metaphor: ReFantazio,34840,0.9081802525832376,"1,000,000 .. 2,000,000"
740130,Tales of ARISE,34782,0.8734115347018573,"2,000,000 .. 5,000,000"
1282730,Loop Hero,34659,0.929455552670302,"1,000,000 .. 2,000,000"
638230,Journey,34512,0.9431212331942512,"500,000 .. 1,000,000"
1256670,Library Of Ruina,34509,0.9409429424208178,"1,000,000 .. 2,000,000"
434570,Blood and Bacon,34429,0.9525690551569898,"1,000,000 .. 2,000,000"
844870,KurtzPel,34416,0.6083217108321711,"5,000,000 .. 10,000,000"
1922560,Plants vs. Zombies Garden Warfare 2: Deluxe Edition,34295,0.9028721387957428,"1,000,000 .. 2,000,000"
57300,Amnesia: The Dark Descent,34108,0.9457605253899378,"2,000,000 .. 5,000,000"
997070,Marvel's Avengers - The Definitive Edition,34090,0.6660017600469346,"1,000,000 .. 2,000,000"
110800,L.A. Noire,34026,0.8585787339093635,"2,000,000 .. 5,000,000"
939400,LoveChoice,33890,0.9284449690174092,"1,000,000 .. 2,000,000"
555570,Infestation: The New Z,33815,0.5382226822416087,"5,000,000 .. 10,000,000"
2406770,Bodycam,33804,0.7483433913146373,"500,000 .. 1,000,000"
1483870,Draw & Guess,33675,0.8402078693392725,"1,000,000 .. 2,000,000"
1657630,Slime Rancher 2,33619,0.9430084178589488,"1,000,000 .. 2,000,000"
2300320,Farming Simulator 25,33575,0.8363067758749069,"1,000,000 .. 2,000,000"
640820,Pathfinder: Kingmaker — Enhanced Plus Edition,33421,0.7779839023368541,"2,000,000 .. 5,000,000"
4700,Total War: MEDIEVAL II – Definitive Edition,33344,0.9569937619961612,"1,000,000 .. 2,000,000"
1817230,Hi-Fi RUSH,33339,0.9730645790215664,"500,000 .. 1,000,000"
535930,Two Point Hospital,33274,0.9185249744545292,"1,000,000 .. 2,000,000"
1235140,Yakuza: Like a Dragon,33262,0.9442907822740664,"500,000 .. 1,000,000"
383120,Empyrion - Galactic Survival,33247,0.7878906367491804,"1,000,000 .. 2,000,000"
1677280,Company of Heroes 3,33246,0.5695722793719545,"1,000,000 .. 2,000,000"
597170,Clone Drone in the Danger Zone,33067,0.96848822088487,"1,000,000 .. 2,000,000"
1213210,Command & Conquer Remastered Collection,32960,0.90688713592233,"1,000,000 .. 2,000,000"
47890,The Sims 3,32910,0.8673351564873899,"2,000,000 .. 5,000,000"
371660,Far Cry Primal,32892,0.8593883011066521,"1,000,000 .. 2,000,000"
955050,Bright Memory,32728,0.9048215595208996,"1,000,000 .. 2,000,000"
274940,Depth,32665,0.8786468697382519,"1,000,000 .. 2,000,000"
2231380,Tom Clancy's Ghost Recon Breakpoint,32563,0.7313822436507693,"500,000 .. 1,000,000"
8980,Borderlands Game of the Year,32523,0.8899548012175998,"2,000,000 .. 5,000,000"
939960,Far Cry New Dawn,32181,0.7570305459743327,"1,000,000 .. 2,000,000"
105450,Age of Empires III (2007),32039,0.9090795592871188,"2,000,000 .. 5,000,000"
1859910,Legend of Mortal,32031,0.7063157566107833,"500,000 .. 1,000,000"
2878980,NBA 2K25,31974,0.5869456433352098,"1,000,000 .. 2,000,000"
641990,The Escapists 2,31948,0.9060974082884689,"2,000,000 .. 5,000,000"
417860,Emily is Away,31896,0.8860045146726863,"1,000,000 .. 2,000,000"
202990,Call of Duty: Black Ops II,31890,0.8497961743493259,"2,000,000 .. 5,000,000"
2212330,Your Only Move Is HUSTLE,31876,0.9636089848161626,"1,000,000 .. 2,000,000"
257510,The Talos Principle,31861,0.9541131791218104,"1,000,000 .. 2,000,000"
380,Half-Life 2: Episode One,31822,0.957765068191817,"5,000,000 .. 10,000,000"
1100600,Football Manager 2020,31742,0.8928548925713565,"5,000,000 .. 10,000,000"
32370,STAR WARS Knights of the Old Republic,31738,0.9114626000378095,"2,000,000 .. 5,000,000"
1062090,Timberborn,31678,0.9554264789443778,"1,000,000 .. 2,000,000"
261030,The Walking Dead: Season Two,31639,0.9648218970258226,"1,000,000 .. 2,000,000"
1359090,Zero Hour,31630,0.7879860891558647,"500,000 .. 1,000,000"
299740,Miscreated,31608,0.6599595039230575,"200,000 .. 500,000"
637090,BATTLETECH,31563,0.8376263346323226,"1,000,000 .. 2,000,000"
394510,HELLDIVERS Dive Harder Edition,31519,0.902344617532282,"2,000,000 .. 5,000,000"
1336490,Against the Storm,31412,0.9498599261428752,"500,000 .. 1,000,000"
2322010,God of War Ragnarök,31388,0.8642474831145661,"1,000,000 .. 2,000,000"
42910,Magicka,31362,0.8608188253300172,"2,000,000 .. 5,000,000"
1366800,Crosshair X,31352,0.9337522327124268,"2,000,000 .. 5,000,000"
225840,Sven Co-op,31316,0.936134883126836,"1,000,000 .. 2,000,000"
942970,Unheard - Voices of Crime,31309,0.9621833977450572,"1,000,000 .. 2,000,000"
427410,Abiotic Factor,31274,0.96428343032551,"500,000 .. 1,000,000"
1144400,Senren＊Banka,31226,0.9885351950297828,"500,000 .. 1,000,000"
393420,Hurtworld,31158,0.7602862828166121,"500,000 .. 1,000,000"
1449690,The Walking Dead: The Telltale Definitive Series,31041,0.9654650301214522,"500,000 .. 1,000,000"
1268750,Starship Troopers: Extermination,31022,0.8067500483527819,"1,000,000 .. 2,000,000"
280790,Creativerse,30975,0.7764648910411622,"1,000,000 .. 2,000,000"
2208920,Assassin's Creed Valhalla,30974,0.6958739588041584,"500,000 .. 1,000,000"
41700,S.T.A.L.K.E.R.: Call of Pripyat,30957,0.9554866427625416,"1,000,000 .. 2,000,000"
7670,BioShock,30931,0.9416766350910092,"2,000,000 .. 5,000,000"
1876890,Wandering Sword,30920,0.9486416558861578,"500,000 .. 1,000,000"
209160,Call of Duty: Ghosts,30913,0.6442920454177854,"1,000,000 .. 2,000,000"
460920,Steep,30884,0.8236303587618184,"1,000,000 .. 2,000,000"
1254120,Bless Unleashed,30870,0.5266925817946226,"2,000,000 .. 5,000,000"
2186680,"Warhammer 40,000: Rogue Trader",30805,0.855705242655413,"10,000,000 .. 20,000,000"
1874880,Arma Reforger,30623,0.7617150507788264,"200,000 .. 500,000"
237930,Transistor,30592,0.9409649581589958,"1,000,000 .. 2,000,000"
1703340,The Stanley Parable: Ultra Deluxe,30555,0.942398952708231,"1,000,000 .. 2,000,000"
413410,Danganronpa: Trigger Happy Havoc,30431,0.9605336663271008,"1,000,000 .. 2,000,000"
55150,"Warhammer 40,000: Space Marine - Anniversary Edition",30416,0.917773540241978,"2,000,000 .. 5,000,000"
427730,Who's Your Daddy?!,30409,0.799697457989411,"2,000,000 .. 5,000,000"
268050,The Evil Within,30305,0.8520046196997195,"2,000,000 .. 5,000,000"
517630,Just Cause 4 Reloaded,30298,0.6171364446498119,"1,000,000 .. 2,000,000"
2273430,BlazBlue Entropy Effect,30290,0.95061076262793,"500,000 .. 1,000,000"
1030830,Mafia II: Definitive Edition,30264,0.7254493787998942,"2,000,000 .. 5,000,000"
1189630,Path Of Wuxia,30216,0.7839886153031507,"500,000 .. 1,000,000"
738060,Freddy Fazbear's Pizzeria Simulator,30209,0.939256512959714,"2,000,000 .. 5,000,000"
493490,City Car Driving,30176,0.82283934252386,"500,000 .. 1,000,000"
2378900,The Coffin of Andy and Leyley,30157,0.9646184965348013,"500,000 .. 1,000,000"
1049410,Superliminal,30151,0.9459719412291466,"1,000,000 .. 2,000,000"
905370,Conqueror's Blade,30134,0.7491869648901573,"2,000,000 .. 5,000,000"
625960,Stoneshard,30062,0.7417337502494844,"1,000,000 .. 2,000,000"
582500,We Were Here,29997,0.9005567223389006,"1,000,000 .. 2,000,000"
220440,DmC: Devil May Cry,29984,0.932130469583778,"1,000,000 .. 2,000,000"
1392820,Milk inside a bag of milk inside a bag of milk,29935,0.9666610990479372,"500,000 .. 1,000,000"
2475490,Mouthwashing,29864,0.9625301366193412,"500,000 .. 1,000,000"
1190000,Car Mechanic Simulator 2021,29841,0.959418250058644,"1,000,000 .. 2,000,000"
569480,Kingdoms and Castles,29715,0.9336362106680128,"1,000,000 .. 2,000,000"
1659420,UNCHARTED: Legacy of Thieves Collection,29689,0.9006702819225976,"500,000 .. 1,000,000"
368500,Assassin's Creed Syndicate,29679,0.8012062401024294,"2,000,000 .. 5,000,000"
248820,Risk of Rain (2013),29626,0.9332343212043476,"500,000 .. 1,000,000"
337320,Paint the Town Red,29576,0.9588179605085204,"1,000,000 .. 2,000,000"
954850,Kerbal Space Program 2,29384,0.2955009528995371,"500,000 .. 1,000,000"
1284410,GWENT: The Witcher Card Game,29364,0.818825773055442,"1,000,000 .. 2,000,000"
1527950,Wartales,29336,0.8973956913007909,"1,000,000 .. 2,000,000"
622650,Bendy and the Ink Machine,29290,0.8894503243427792,"500,000 .. 1,000,000"
488790,South Park: The Fractured But Whole,29284,0.8456495014342303,"2,000,000 .. 5,000,000"
12110,Grand Theft Auto: Vice City,29276,0.9271075283508676,"1,000,000 .. 2,000,000"
1252330,DEATHLOOP,29205,0.7637733264851909,"1,000,000 .. 2,000,000"
960170,DJMAX RESPECT V,29126,0.8931538831284763,"1,000,000 .. 2,000,000"
444640,Bloons TD Battles,29096,0.9078223810833104,"1,000,000 .. 2,000,000"
373420,Divinity: Original Sin - Enhanced Edition,29066,0.8968898369228652,"1,000,000 .. 2,000,000"
1262580,Need for Speed Payback,29054,0.8559234528808426,"1,000,000 .. 2,000,000"
2218750,Halls of Torment,29019,0.958027499224646,"500,000 .. 1,000,000"
653530,Return of the Obra Dinn,29016,0.968189964157706,"500,000 .. 1,000,000"
571740,Golf It!,29009,0.9052707780344031,"1,000,000 .. 2,000,000"
288160,The Room,28997,0.9778942649239576,"500,000 .. 1,000,000"
460790,Bayonetta,28953,0.9255344869270888,"1,000,000 .. 2,000,000"
278360,A Story About My Uncle,28916,0.915721399917001,"5,000,000 .. 10,000,000"
601430,The Evil Within 2,28906,0.9221268940704352,"1,000,000 .. 2,000,000"
1809540,Nine Sols,28896,0.9512735326688816,"1,000,000 .. 2,000,000"
287290,Resident Evil Revelations 2,28689,0.781240196591028,"1,000,000 .. 2,000,000"
975370,Dwarf Fortress,28579,0.9494383988243116,"2,000,000 .. 5,000,000"
1509960,PICO PARK,28499,0.908066949717534,"1,000,000 .. 2,000,000"
104900,ORION: Prelude,28485,0.7533087589959628,"1,000,000 .. 2,000,000"
794260,Outward Definitive Edition,28455,0.7287998594271657,"1,000,000 .. 2,000,000"
47810,Dragon Age: Origins - Ultimate Edition,28412,0.8657961424750106,"1,000,000 .. 2,000,000"
292730,Call of Duty: Infinite Warfare,28378,0.5984213122841638,"1,000,000 .. 2,000,000"
1189490,觅长生,28339,0.9330957337944176,"1,000,000 .. 2,000,000"
1584090,Touhou Mystia's Izakaya,28249,0.979574498212326,"500,000 .. 1,000,000"
282800,100% Orange Juice,28236,0.9167729140104832,"1,000,000 .. 2,000,000"
24010,Train Simulator Classic,28187,0.7100791144854011,"1,000,000 .. 2,000,000"
2051620,Enlisted: Reinforced,28163,0.7991691226076767,"1,000,000 .. 2,000,000"
474960,Quantum Break,28140,0.8570362473347548,"1,000,000 .. 2,000,000"
238010,Deus Ex: Human Revolution - Director's Cut,28125,0.9212088888888889,"2,000,000 .. 5,000,000"
655500,MX Bikes,28116,0.9430217669654288,"1,000,000 .. 2,000,000"
585420,Trailmakers,28047,0.9249117552679432,"1,000,000 .. 2,000,000"
960990,Beyond: Two Souls,28027,0.8832554322617476,"1,000,000 .. 2,000,000"
39140,FINAL FANTASY VII,28011,0.9281353753882404,"1,000,000 .. 2,000,000"
668630,Tricolour Lovestory,27856,0.8191412981045376,"1,000,000 .. 2,000,000"
1337520,Risk of Rain Returns,27823,0.9016640908600798,"1,000,000 .. 2,000,000"
475550,Beholder,27747,0.9170000360399324,"1,000,000 .. 2,000,000"
1966900,20 Minutes Till Dawn,27719,0.9148237670911648,"1,000,000 .. 2,000,000"
41070,Serious Sam 3: BFE,27715,0.8836731012087318,"2,000,000 .. 5,000,000"
1448440,Wo Long: Fallen Dynasty,27688,0.485661658480208,"1,000,000 .. 2,000,000"
335240,Transformice,27661,0.8792162250099418,"2,000,000 .. 5,000,000"
17470,Dead Space (2008),27660,0.9178597252349964,"2,000,000 .. 5,000,000"
1066780,Transport Fever 2,27627,0.903464002606146,"1,000,000 .. 2,000,000"
1455840,Dorfromantik,27597,0.9652860818204876,"1,000,000 .. 2,000,000"
1388880,Doki Doki Literature Club Plus!,27539,0.9688078724717674,"500,000 .. 1,000,000"
557340,My Friend Pedro,27527,0.9570240127874452,"1,000,000 .. 2,000,000"
230290,Universe Sandbox,27448,0.9638589332556106,"1,000,000 .. 2,000,000"
339800,HuniePop,27392,0.963419976635514,"1,000,000 .. 2,000,000"
953490,CARRION,27310,0.945221530574881,"1,000,000 .. 2,000,000"
418500,Rising Storm 2: Vietnam,27254,0.8014970279591986,"500,000 .. 1,000,000"
1124300,HUMANKIND,27245,0.681703064782529,"1,000,000 .. 2,000,000"
324800,Shadow Warrior 2,27230,0.8724935732647815,"1,000,000 .. 2,000,000"
459820,Crush Crush,27195,0.8915609487038059,"1,000,000 .. 2,000,000"
492720,Tropico 6,27191,0.8744069728954433,"1,000,000 .. 2,000,000"
2369390,Far Cry 6,27148,0.7150066303226758,"500,000 .. 1,000,000"
238090,Sniper Elite 3,27117,0.8232105321385109,"2,000,000 .. 5,000,000"
1222730,STAR WARS: Squadrons,27054,0.6563169956383529,"1,000,000 .. 2,000,000"
1718570,ASTLIBRA Revision,26958,0.9560798278804066,"1,000,000 .. 2,000,000"
1211020,Wobbly Life,26940,0.9703414996288048,"1,000,000 .. 2,000,000"
553640,ICEY,26926,0.902362029265394,"1,000,000 .. 2,000,000"
333600,NEKOPARA Vol. 1,26924,0.951901649086317,"500,000 .. 1,000,000"
774801,Crab Champions,26860,0.9794117647058824,"500,000 .. 1,000,000"
744900,Dead Frontier 2,26801,0.7031080929816051,"2,000,000 .. 5,000,000"
304240,Resident Evil,26767,0.9195277767400156,"1,000,000 .. 2,000,000"
1408720,Krunker,26746,0.7906602856501906,"2,000,000 .. 5,000,000"
204300,Awesomenauts,26731,0.8461337024428566,"2,000,000 .. 5,000,000"
1520470,封灵档案,26682,0.8224645828648527,"2,000,000 .. 5,000,000"
409720,BioShock 2 Remastered,26622,0.7084366313575239,"2,000,000 .. 5,000,000"
391720,Layers of Fear (2016),26616,0.8857829876765855,"2,000,000 .. 5,000,000"
413420,Danganronpa 2: Goodbye Despair,26611,0.962496711886062,"500,000 .. 1,000,000"
767560,War Robots,26575,0.6002257761053622,"5,000,000 .. 10,000,000"
464920,Surviving Mars,26570,0.845765901392548,"2,000,000 .. 5,000,000"
80,Counter-Strike: Condition Zero,26558,0.9138865878454704,"5,000,000 .. 10,000,000"
859580,Imperator: Rome,26502,0.6474605690136593,"1,000,000 .. 2,000,000"
22320,The Elder Scrolls III: Morrowind Game of the Year Edition,26384,0.9540630685263796,"1,000,000 .. 2,000,000"
1084600,My Time at Sandrock,26283,0.8833846973328767,"500,000 .. 1,000,000"
996470,eFootball  PES 2020,26230,0.7116660312619139,"1,000,000 .. 2,000,000"
249130,LEGO Marvel Super Heroes,26177,0.953470603965313,"1,000,000 .. 2,000,000"
1262350,SIGNALIS,26157,0.9680009175364148,"1,000,000 .. 2,000,000"
233130,Shadow Warrior,26151,0.9204619326220794,"2,000,000 .. 5,000,000"
2532550,LIZARDS MUST DIE,26132,0.9659038726465636,"500,000 .. 1,000,000"
584400,Sonic Mania,26131,0.9375837128315028,"1,000,000 .. 2,000,000"
384190,ABZU,26113,0.9287711101750086,"500,000 .. 1,000,000"
699130,World War Z,26058,0.8311075293575869,"1,000,000 .. 2,000,000"
578650,The Outer Worlds,26052,0.8339858744050361,"1,000,000 .. 2,000,000"
260230,Valiant Hearts: The Great War / Soldats Inconnus : Mémoires de la Grande Guerre,26043,0.9556502707061398,"500,000 .. 1,000,000"
47780,Dead Space 2,25946,0.9402605411238728,"1,000,000 .. 2,000,000"
420290,Blackwake,25906,0.8077279394734811,"500,000 .. 1,000,000"
1180380,Stay Out,25900,0.6561389961389962,"500,000 .. 1,000,000"
209170,Call of Duty: Ghosts,25876,0.583049930437471,"1,000,000 .. 2,000,000"
1692250,F1 22,25740,0.6874125874125874,"500,000 .. 1,000,000"
736190,Chinese Parents,25651,0.9145452419009006,"1,000,000 .. 2,000,000"
314160,Microsoft Flight Simulator X: Steam Edition,25603,0.8639612545404836,"2,000,000 .. 5,000,000"
50,Half-Life: Opposing Force,25561,0.9531317241109504,"2,000,000 .. 5,000,000"
302830,BLOCKADE 3D,25558,0.5858830894436184,"2,000,000 .. 5,000,000"
1113560,NieR Replicant ver.1.22474487139...,25542,0.882233184558766,"500,000 .. 1,000,000"
383150,Dead Island Definitive Edition,25527,0.8200728640263251,"1,000,000 .. 2,000,000"
213610,Sonic Adventure 2,25472,0.8916064698492462,"1,000,000 .. 2,000,000"
355840,Survarium,25455,0.5433902966018463,"2,000,000 .. 5,000,000"
226700,Infestation: Survivor Stories 2020,25418,0.4187583602171689,"1,000,000 .. 2,000,000"
34030,Total War: NAPOLEON – Definitive Edition,25365,0.913818253498916,"1,000,000 .. 2,000,000"
1343400,RuneScape ,25338,0.8264661772831321,"2,000,000 .. 5,000,000"
1468260,Leaf Blower Revolution - Idle Game,25292,0.9434999209236122,"1,000,000 .. 2,000,000"
71340,Sonic Generations Collection,25232,0.9356769181991124,"500,000 .. 1,000,000"
63380,Sniper Elite V2,25221,0.882716783632687,"2,000,000 .. 5,000,000"
1106840,Hydroneer,25123,0.8659395772797834,"1,000,000 .. 2,000,000"
247080,Crypt of the NecroDancer,25116,0.957676381589425,"1,000,000 .. 2,000,000"
365450,Hacknet,25115,0.936133784590882,"2,000,000 .. 5,000,000"
589290,Holdfast: Nations At War,25115,0.8974716304997014,"500,000 .. 1,000,000"
916440,Anno 1800,25091,0.8117651747638596,"1,000,000 .. 2,000,000"
7940,Call of Duty 4: Modern Warfare (2007),25070,0.9349022736338252,"2,000,000 .. 5,000,000"
209650,Call of Duty: Advanced Warfare - Gold Edition,25057,0.6481222811988666,"200,000 .. 500,000"
1149620,Gas Station Simulator,25043,0.8787685181487841,"500,000 .. 1,000,000"
447020,Farming Simulator 17,25009,0.9348234635531208,"1,000,000 .. 2,000,000"
42680,Call of Duty: Modern Warfare 3 (2011),25006,0.8525953771094937,"2,000,000 .. 5,000,000"
2280,DOOM + DOOM II,24984,0.9648174831892412,"1,000,000 .. 2,000,000"
34330,Total War: SHOGUN 2,24952,0.9065405578711124,"2,000,000 .. 5,000,000"
993090,Lossless Scaling,24888,0.8934024429443909,"2,000,000 .. 5,000,000"
2531310,The Last of Us Part II Remastered,24774,0.9050213933963026,"500,000 .. 1,000,000"
583950,Artifact,24758,0.469100896679861,"1,000,000 .. 2,000,000"
1549970,Aliens: Fireteam Elite,24731,0.7978650276980308,"1,000,000 .. 2,000,000"
221640,Super Hexagon,24676,0.9687550656508348,"1,000,000 .. 2,000,000"
736220,Squad 44,24664,0.7504054492377554,"1,000,000 .. 2,000,000"
291650,Pillars of Eternity,24650,0.882393509127789,"1,000,000 .. 2,000,000"
1171690,Wayfinder,24647,0.5847364790846756,"500,000 .. 1,000,000"
1062520,Dinkum,24584,0.9221851610803776,"1,000,000 .. 2,000,000"
729040,Borderlands Game of the Year Enhanced,24483,0.8275946575174611,"1,000,000 .. 2,000,000"
1237320,Sonic Frontiers,24480,0.9066993464052288,"500,000 .. 1,000,000"
365360,Battle Brothers,24329,0.8818693739981093,"1,000,000 .. 2,000,000"
208580,STAR WARS Knights of the Old Republic II - The Sith Lords,24310,0.9359934183463596,"1,000,000 .. 2,000,000"
1583320,Pro Soccer Online,24180,0.8981389578163772,"200,000 .. 500,000"
19680,Alice: Madness Returns,24087,0.9021048698468054,"1,000,000 .. 2,000,000"
903950,Last Oasis,24085,0.6208013286277766,"1,000,000 .. 2,000,000"
682990,Drug Dealer Simulator,24058,0.7504364452572949,"1,000,000 .. 2,000,000"
1056640,Phantasy Star Online 2,24044,0.700715355182166,"2,000,000 .. 5,000,000"
1989270,Slay the Princess — The Pristine Cut,23963,0.9708717606309728,"500,000 .. 1,000,000"
1263850,Football Manager 2021,23900,0.9348117154811716,"2,000,000 .. 5,000,000"
221680,Rocksmith 2014 Edition REMASTERED LEARN & PLAY,23850,0.889601677148847,"500,000 .. 1,000,000"
392160,X4: Foundations,23847,0.7946911561202668,"1,000,000 .. 2,000,000"
316010,Magic Duels,23844,0.7094447240395907,"2,000,000 .. 5,000,000"
400750,Call to Arms - Gates of Hell: Ostfront,23811,0.8331023476544455,"1,000,000 .. 2,000,000"
32440,LEGO Star Wars - The Complete Saga,23787,0.9669147013074368,"1,000,000 .. 2,000,000"
977400,Cell to Singularity - Evolution Never Ends,23690,0.8984381595609962,"1,000,000 .. 2,000,000"
99900,Spiral Knights,23658,0.8398427593203145,"2,000,000 .. 5,000,000"
211500,RaceRoom Racing Experience,23618,0.7541705478872047,"2,000,000 .. 5,000,000"
11020,TrackMania Nations Forever,23603,0.9000550777443546,"2,000,000 .. 5,000,000"
1262540,Need for Speed,23603,0.6992331483286023,"1,000,000 .. 2,000,000"
434650,Lost Castle / 失落城堡,23524,0.8689848665192994,"1,000,000 .. 2,000,000"
494840,UBOAT,23488,0.8406846049046321,"500,000 .. 1,000,000"
519860,DUSK,23469,0.9727725936341556,"1,000,000 .. 2,000,000"
1372880,The Day Before,23437,0.1572726884840209,"2,000,000 .. 5,000,000"
1240210,There Is No Game: Wrong Dimension,23430,0.9776781903542467,"500,000 .. 1,000,000"
285920,TerraTech,23410,0.912772319521572,"500,000 .. 1,000,000"
1599600,PlateUp!,23401,0.948848339814538,"1,000,000 .. 2,000,000"
1097840,Gears 5,23309,0.7035908876399674,"1,000,000 .. 2,000,000"
239160,Thief,23263,0.7452607144392382,"1,000,000 .. 2,000,000"
323850,Move or Die,23233,0.8960530280204881,"1,000,000 .. 2,000,000"
302670,Call to Arms,23233,0.7951620539749494,"1,000,000 .. 2,000,000"
788100,Neon Abyss,23140,0.8624459809853068,"2,000,000 .. 5,000,000"
48190,Assassin’s Creed Brotherhood,23136,0.8853734439834025,"1,000,000 .. 2,000,000"
250600,The Plan,23087,0.9227703902629184,"500,000 .. 1,000,000"
2252570,Football Manager 2024,23048,0.9079746615758416,"1,000,000 .. 2,000,000"
2515020,FINAL FANTASY XVI,23043,0.7916937898711105,"500,000 .. 1,000,000"
955900,Amazing Cultivation Simulator,23009,0.8570559346342735,"500,000 .. 1,000,000"
979690,The Ascent,22884,0.7399056109071841,"1,000,000 .. 2,000,000"
297000,Heroes of Might & Magic III - HD Edition,22779,0.7939330084727161,"1,000,000 .. 2,000,000"
2141730,Backrooms: Escape Together,22769,0.874654135008125,"500,000 .. 1,000,000"
1262560,Need for Speed Most Wanted,22750,0.773010989010989,"1,000,000 .. 2,000,000"
2420110,Horizon Forbidden West Complete Edition,22735,0.8939960413459423,"1,000,000 .. 2,000,000"
882100,XCOM: Chimera Squad,22709,0.7178651635915276,"1,000,000 .. 2,000,000"
1681430,RoboCop: Rogue City,22707,0.887215396133351,"500,000 .. 1,000,000"
816020,JUMP FORCE,22701,0.7348574952645258,"1,000,000 .. 2,000,000"
332800,Five Nights at Freddy's 2,22697,0.9372163722077808,"1,000,000 .. 2,000,000"
841370,NBA 2K19,22692,0.3907103825136612,"1,000,000 .. 2,000,000"
300,Day of Defeat: Source,22689,0.9166556481114196,"2,000,000 .. 5,000,000"
1496790,Gotham Knights,22666,0.6737404041295332,"500,000 .. 1,000,000"
563560,Alien Swarm: Reactive Drop,22649,0.9492692834120712,"200,000 .. 500,000"
1094520,Sands of Salzaar,22641,0.8195751071065766,"1,000,000 .. 2,000,000"
65980,Sid Meier's Civilization: Beyond Earth,22578,0.6025334396314997,"1,000,000 .. 2,000,000"
541570,Sally Face - Episode One,22561,0.9724303000753513,"1,000,000 .. 2,000,000"
285190,"Warhammer 40,000: Dawn of War III",22517,0.4831460674157303,"1,000,000 .. 2,000,000"
35010,Batman: Arkham Asylum Game of the Year Edition,22483,0.9592581061246276,"50,000 .. 100,000"
858820,Tribes of Midgard,22475,0.7651612903225806,"2,000,000 .. 5,000,000"
1432860,Sun Haven,22456,0.8248574991093695,"500,000 .. 1,000,000"
1931770,Chants of Sennaar,22453,0.9831648332071438,"200,000 .. 500,000"
783770,Ironsight,22410,0.723070058009817,"2,000,000 .. 5,000,000"
627270,Injustice 2,22397,0.8626155288654731,"1,000,000 .. 2,000,000"
2221490,Tom Clancy’s The Division 2,22368,0.7613108011444921,"1,000,000 .. 2,000,000"
2296990,We Were Here Expeditions: The FriendShip,22334,0.9091967403958092,"1,000,000 .. 2,000,000"
410900,Forts,22321,0.9199856637247436,"1,000,000 .. 2,000,000"
609320,FAR: Lone Sails,22315,0.9505265516468744,"500,000 .. 1,000,000"
246900,Viscera Cleanup Detail,22290,0.9264692687303724,"1,000,000 .. 2,000,000"
1127400,Mindustry,22266,0.9579179017335848,"1,000,000 .. 2,000,000"
20510,S.T.A.L.K.E.R.: Clear Sky,22254,0.8531949312483149,"1,000,000 .. 2,000,000"
928600,F1 2019,22228,0.8981914702177434,"500,000 .. 1,000,000"
1948980,Hero's Adventure: Road to Passion,22206,0.8428803026209133,"500,000 .. 1,000,000"
1029690,Sniper Elite 5,22203,0.8311039048777192,"2,000,000 .. 5,000,000"
38400,Fallout: A Post Nuclear Role Playing Game,22198,0.9416163618343996,"2,000,000 .. 5,000,000"
392110,ENDLESS Space 2,22190,0.8348805768364128,"1,000,000 .. 2,000,000"
784150,Workers & Resources: Soviet Republic,22175,0.910574971815107,"500,000 .. 1,000,000"
531510,Just Shapes & Beats,22150,0.9757562076749436,"1,000,000 .. 2,000,000"
341940,Hatred,22121,0.832331268929976,"1,000,000 .. 2,000,000"
450540,"Hot Dogs, Horseshoes & Hand Grenades",22104,0.9705030763662684,"1,000,000 .. 2,000,000"
837470,Untitled Goose Game,22104,0.9583785740137531,"1,000,000 .. 2,000,000"
33930,Arma 2: Operation Arrowhead,22090,0.9241285649615212,"2,000,000 .. 5,000,000"
368230,Kingdom: Classic,22088,0.9065103223469756,"2,000,000 .. 5,000,000"
427290,Vampyr,22084,0.7731842057598262,"1,000,000 .. 2,000,000"
447820,Day of Infamy,22055,0.8239401496259352,"1,000,000 .. 2,000,000"
2407270,AI LIMIT,22025,0.931305334846765,"200,000 .. 500,000"
1040200,Crime Scene Cleaner,22018,0.9795167590153512,"500,000 .. 1,000,000"
303210,The Beginner's Guide,22002,0.8803290609944551,"500,000 .. 1,000,000"
1286680,Tiny Tina's Wonderlands,21986,0.7246884380969708,"1,000,000 .. 2,000,000"
512900,Streets of Rogue,21933,0.9609264578489036,"1,000,000 .. 2,000,000"
736260,Baba Is You,21921,0.9781031887231422,"1,000,000 .. 2,000,000"
15100,Assassin's Creed: Director's Cut Edition,21897,0.8139014476868978,"1,000,000 .. 2,000,000"
209660,Call of Duty: Advanced Warfare - Gold Edition,21896,0.6162312751187432,"1,000,000 .. 2,000,000"
834530,Yakuza Kiwami,21877,0.9338117657814142,"500,000 .. 1,000,000"
368260,Marvel's Midnight Suns,21874,0.8169973484502149,"2,000,000 .. 5,000,000"
3117820,Sultan's Game,21870,0.9436213991769548,"1,000,000 .. 2,000,000"
1102190,Monster Train,21868,0.9600786537406256,"500,000 .. 1,000,000"
1022450,War Selection,21854,0.8577377139196486,"1,000,000 .. 2,000,000"
2066020,Soulstone Survivors,21828,0.9126809602345612,"500,000 .. 1,000,000"
236110,Dungeon Defenders II,21823,0.7735874994272098,"2,000,000 .. 5,000,000"
431730,Aseprite,21818,0.9909249243743696,"1,000,000 .. 2,000,000"
1227890,Summer Memories,21799,0.929308683884582,"1,000,000 .. 2,000,000"
1929610,Demonologist,21748,0.8617803935994114,"1,000,000 .. 2,000,000"
673950,Farm Together,21728,0.9417341678939616,"1,000,000 .. 2,000,000"
1158160,Coral Island,21728,0.8829160530191458,"500,000 .. 1,000,000"
1476970,Legends of IdleOn - Idle MMO,21716,0.7971081230429177,"1,000,000 .. 2,000,000"
692890,Roboquest,21689,0.9544469546774864,"500,000 .. 1,000,000"
374040,Portal Knights,21686,0.8343170709213318,"1,000,000 .. 2,000,000"
35720,Trine 2: Complete Story,21679,0.9540107938558052,"2,000,000 .. 5,000,000"
16900,GROUND BRANCH,21676,0.8927385126407086,"1,000,000 .. 2,000,000"
3017860,DOOM: The Dark Ages,21671,0.8717179640994878,"500,000 .. 1,000,000"
1601580,Frostpunk 2,21628,0.7618365082300721,"500,000 .. 1,000,000"
274520,Darkwood,21618,0.9496253122398002,"1,000,000 .. 2,000,000"
1284210,Guild Wars 2,21543,0.8889662535394328,"2,000,000 .. 5,000,000"
1433140,The Texas Chain Saw Massacre,21540,0.6695914577530176,"200,000 .. 500,000"
1940340,Darkest Dungeon II,21539,0.759320302706718,"1,000,000 .. 2,000,000"
1569040,Football Manager 2022,21460,0.925489282385834,"2,000,000 .. 5,000,000"
1127500,Mini Motorways,21432,0.9618794326241136,"500,000 .. 1,000,000"
2080690,Sunkenland,21419,0.8181054204211214,"500,000 .. 1,000,000"
1466640,Road 96 ,21418,0.9179195069567654,"500,000 .. 1,000,000"
630,Alien Swarm,21274,0.9485287205039016,"2,000,000 .. 5,000,000"
332950,Dark Deception,21231,0.8892185954500494,"1,000,000 .. 2,000,000"
774181,Rhythm Doctor,21213,0.984349219818036,"500,000 .. 1,000,000"
527430,"Warhammer 40,000: Inquisitor - Martyr",21150,0.7590070921985815,"1,000,000 .. 2,000,000"
2138710,Sifu,21129,0.9246059917648728,"500,000 .. 1,000,000"
235540,Warhammer: End Times - Vermintide,21090,0.800094831673779,"1,000,000 .. 2,000,000"
412830,STEINS;GATE,21078,0.974048771230667,"500,000 .. 1,000,000"
1291340,Townscaper,21028,0.9559159216283052,"1,000,000 .. 2,000,000"
24200,DC Universe Online,21016,0.8052436239055958,"1,000,000 .. 2,000,000"
212500,The Lord of the Rings Online,20995,0.8144320076208621,"2,000,000 .. 5,000,000"
2000950,Call of Duty: Modern Warfare,20988,0.7914046121593291,"1,000,000 .. 2,000,000"
330020,Children of Morta,20966,0.8883430315749309,"1,000,000 .. 2,000,000"
22300,Fallout 3,20930,0.8110367892976589,"1,000,000 .. 2,000,000"
323470,DRAGON BALL XENOVERSE,20902,0.8982394029279495,"1,000,000 .. 2,000,000"
719040,Wasteland 3,20896,0.846812787136294,"500,000 .. 1,000,000"
1230140,ATRI -My Dear Moments-,20882,0.9857293362704722,"200,000 .. 500,000"
509980,BIGFOOT,20866,0.8207131218249785,"1,000,000 .. 2,000,000"
