population,scheme,decade,archetype,share_pct
all_rows_missing_visibility_equal,blend_equal_log,1980s,Caregiver/Guardian,3.5073677708689486
all_rows_missing_visibility_equal,blend_equal_log,1980s,Creator/Artist,3.7303564288113313
all_rows_missing_visibility_equal,blend_equal_log,1980s,Everyman/Orphan,5.2146821942185015
all_rows_missing_visibility_equal,blend_equal_log,1980s,Explorer/Seeker,23.300202806463947
all_rows_missing_visibility_equal,blend_equal_log,1980s,Hero/Warrior,38.48802034549015
all_rows_missing_visibility_equal,blend_equal_log,1980s,Innocent,0.7042186476660791
all_rows_missing_visibility_equal,blend_equal_log,1980s,Jester/Trickster,0.8447102738506087
all_rows_missing_visibility_equal,blend_equal_log,1980s,Lover,1.1259334652633477
all_rows_missing_visibility_equal,blend_equal_log,1980s,Magician/Transformer,6.701138990076084
all_rows_missing_visibility_equal,blend_equal_log,1980s,Rebel/Outlaw,1.7181057608199661
all_rows_missing_visibility_equal,blend_equal_log,1980s,Ruler/Leader,5.340822788733
all_rows_missing_visibility_equal,blend_equal_log,1980s,Sage/Investigator,9.385626244146135
all_rows_missing_visibility_equal,blend_equal_log,1980s,Uncertain,0.23285310976959012
all_rows_missing_visibility_equal,blend_equal_log,1990s,Caregiver/Guardian,3.5866663024533345
all_rows_missing_visibility_equal,blend_equal_log,1990s,Creator/Artist,3.7700759965723996
all_rows_missing_visibility_equal,blend_equal_log,1990s,Everyman/Orphan,5.0557624050169085
all_rows_missing_visibility_equal,blend_equal_log,1990s,Explorer/Seeker,25.21332420013263
all_rows_missing_visibility_equal,blend_equal_log,1990s,Hero/Warrior,32.33974790462383
all_rows_missing_visibility_equal,blend_equal_log,1990s,Innocent,1.8832030730011364
all_rows_missing_visibility_equal,blend_equal_log,1990s,Jester/Trickster,2.2997100270084023
all_rows_missing_visibility_equal,blend_equal_log,1990s,Lover,2.239342300397886
all_rows_missing_visibility_equal,blend_equal_log,1990s,Magician/Transformer,7.001920335590242
all_rows_missing_visibility_equal,blend_equal_log,1990s,Rebel/Outlaw,2.045910230957659
all_rows_missing_visibility_equal,blend_equal_log,1990s,Ruler/Leader,5.679056789227539
all_rows_missing_visibility_equal,blend_equal_log,1990s,Sage/Investigator,8.58334502420991
all_rows_missing_visibility_equal,blend_equal_log,1990s,Uncertain,0.3354837897868048
all_rows_missing_visibility_equal,blend_equal_log,2000s,Caregiver/Guardian,3.357104198151312
all_rows_missing_visibility_equal,blend_equal_log,2000s,Creator/Artist,3.463501541401218
all_rows_missing_visibility_equal,blend_equal_log,2000s,Everyman/Orphan,5.959526358537817
all_rows_missing_visibility_equal,blend_equal_log,2000s,Explorer/Seeker,26.099012165036676
all_rows_missing_visibility_equal,blend_equal_log,2000s,Hero/Warrior,29.34699987852007
all_rows_missing_visibility_equal,blend_equal_log,2000s,Innocent,1.9199365970313462
all_rows_missing_visibility_equal,blend_equal_log,2000s,Jester/Trickster,2.9156668659598077
all_rows_missing_visibility_equal,blend_equal_log,2000s,Lover,3.389069093206807
all_rows_missing_visibility_equal,blend_equal_log,2000s,Magician/Transformer,5.58065098698226
all_rows_missing_visibility_equal,blend_equal_log,2000s,Rebel/Outlaw,3.101457974224863
all_rows_missing_visibility_equal,blend_equal_log,2000s,Ruler/Leader,5.38760918103956
all_rows_missing_visibility_equal,blend_equal_log,2000s,Sage/Investigator,8.629630475194347
all_rows_missing_visibility_equal,blend_equal_log,2000s,Uncertain,0.8498346847139191
all_rows_missing_visibility_equal,blend_equal_log,2010s,Caregiver/Guardian,2.627887818064648
all_rows_missing_visibility_equal,blend_equal_log,2010s,Creator/Artist,4.223903104467236
all_rows_missing_visibility_equal,blend_equal_log,2010s,Everyman/Orphan,8.937090633813298
all_rows_missing_visibility_equal,blend_equal_log,2010s,Explorer/Seeker,24.762210126865416
all_rows_missing_visibility_equal,blend_equal_log,2010s,Hero/Warrior,22.82348073725144
all_rows_missing_visibility_equal,blend_equal_log,2010s,Innocent,1.933541589186526
all_rows_missing_visibility_equal,blend_equal_log,2010s,Jester/Trickster,4.129060020665225
all_rows_missing_visibility_equal,blend_equal_log,2010s,Lover,3.979035696583088
all_rows_missing_visibility_equal,blend_equal_log,2010s,Magician/Transformer,5.414800866647388
all_rows_missing_visibility_equal,blend_equal_log,2010s,Rebel/Outlaw,5.1814780527245645
all_rows_missing_visibility_equal,blend_equal_log,2010s,Ruler/Leader,5.124932315750544
all_rows_missing_visibility_equal,blend_equal_log,2010s,Sage/Investigator,8.155017594819602
all_rows_missing_visibility_equal,blend_equal_log,2010s,Uncertain,2.7075614431610218
all_rows_missing_visibility_equal,blend_equal_log,2020s,Caregiver/Guardian,2.8687500777789077
all_rows_missing_visibility_equal,blend_equal_log,2020s,Creator/Artist,4.0563224808896985
all_rows_missing_visibility_equal,blend_equal_log,2020s,Everyman/Orphan,10.795314368318676
all_rows_missing_visibility_equal,blend_equal_log,2020s,Explorer/Seeker,29.812466302146973
all_rows_missing_visibility_equal,blend_equal_log,2020s,Hero/Warrior,21.224932205342967
all_rows_missing_visibility_equal,blend_equal_log,2020s,Innocent,1.7223900262846545
all_rows_missing_visibility_equal,blend_equal_log,2020s,Jester/Trickster,2.9985733735386346
all_rows_missing_visibility_equal,blend_equal_log,2020s,Lover,3.669649505841507
all_rows_missing_visibility_equal,blend_equal_log,2020s,Magician/Transformer,4.806575108029941
all_rows_missing_visibility_equal,blend_equal_log,2020s,Rebel/Outlaw,4.309219943994473
all_rows_missing_visibility_equal,blend_equal_log,2020s,Ruler/Leader,4.356052475147947
all_rows_missing_visibility_equal,blend_equal_log,2020s,Sage/Investigator,7.04895231207517
all_rows_missing_visibility_equal,blend_equal_log,2020s,Uncertain,2.330801820610453
all_rows_missing_visibility_equal,equal,1980s,Caregiver/Guardian,3.5172721180724738
all_rows_missing_visibility_equal,equal,1980s,Creator/Artist,3.7433456175506477
all_rows_missing_visibility_equal,equal,1980s,Everyman/Orphan,5.208471521697475
all_rows_missing_visibility_equal,equal,1980s,Explorer/Seeker,23.29467230595085
all_rows_missing_visibility_equal,equal,1980s,Hero/Warrior,38.547813924839346
all_rows_missing_visibility_equal,equal,1980s,Innocent,0.7022176713350007
all_rows_missing_visibility_equal,equal,1980s,Jester/Trickster,0.8092035907952362
all_rows_missing_visibility_equal,equal,1980s,Lover,1.1074680641254746
all_rows_missing_visibility_equal,equal,1980s,Magician/Transformer,6.704378798792891
all_rows_missing_visibility_equal,equal,1980s,Rebel/Outlaw,1.7019586504927644
all_rows_missing_visibility_equal,equal,1980s,Ruler/Leader,5.344700556044966
all_rows_missing_visibility_equal,equal,1980s,Sage/Investigator,9.38428940293491
all_rows_missing_visibility_equal,equal,1980s,Uncertain,0.15128136447491028
all_rows_missing_visibility_equal,equal,1990s,Caregiver/Guardian,3.682268455071889
all_rows_missing_visibility_equal,equal,1990s,Creator/Artist,3.85523450904651
all_rows_missing_visibility_equal,equal,1990s,Everyman/Orphan,5.027185259695223
all_rows_missing_visibility_equal,equal,1990s,Explorer/Seeker,25.385873819812456
all_rows_missing_visibility_equal,equal,1990s,Hero/Warrior,32.48502344996875
all_rows_missing_visibility_equal,equal,1990s,Innocent,1.8514993649835663
all_rows_missing_visibility_equal,equal,1990s,Jester/Trickster,2.1943349867542032
all_rows_missing_visibility_equal,equal,1990s,Lover,2.276736594668321
all_rows_missing_visibility_equal,equal,1990s,Magician/Transformer,7.065350041856864
all_rows_missing_visibility_equal,equal,1990s,Rebel/Outlaw,1.855480840452674
all_rows_missing_visibility_equal,equal,1990s,Ruler/Leader,5.623888749353632
all_rows_missing_visibility_equal,equal,1990s,Sage/Investigator,8.521503024153395
all_rows_missing_visibility_equal,equal,1990s,Uncertain,0.1951343379805726
all_rows_missing_visibility_equal,equal,2000s,Caregiver/Guardian,3.5360754331096915
all_rows_missing_visibility_equal,equal,2000s,Creator/Artist,3.5551538951215207
all_rows_missing_visibility_equal,equal,2000s,Everyman/Orphan,5.922717648142411
all_rows_missing_visibility_equal,equal,2000s,Explorer/Seeker,26.853944524390222
all_rows_missing_visibility_equal,equal,2000s,Hero/Warrior,29.6440305228503
all_rows_missing_visibility_equal,equal,2000s,Innocent,1.9670253988764745
all_rows_missing_visibility_equal,equal,2000s,Jester/Trickster,2.774488454181829
all_rows_missing_visibility_equal,equal,2000s,Lover,3.609249797552336
all_rows_missing_visibility_equal,equal,2000s,Magician/Transformer,5.662683667013232
all_rows_missing_visibility_equal,equal,2000s,Rebel/Outlaw,2.4980311627822718
all_rows_missing_visibility_equal,equal,2000s,Ruler/Leader,5.056704594021757
all_rows_missing_visibility_equal,equal,2000s,Sage/Investigator,8.471249004650543
all_rows_missing_visibility_equal,equal,2000s,Uncertain,0.44864589730741
all_rows_missing_visibility_equal,equal,2010s,Caregiver/Guardian,2.739797078025391
all_rows_missing_visibility_equal,equal,2010s,Creator/Artist,4.13520068557279
all_rows_missing_visibility_equal,equal,2010s,Everyman/Orphan,8.49251686826161
all_rows_missing_visibility_equal,equal,2010s,Explorer/Seeker,26.96710867636209
all_rows_missing_visibility_equal,equal,2010s,Hero/Warrior,23.488733248847478
all_rows_missing_visibility_equal,equal,2010s,Innocent,1.763581696552286
all_rows_missing_visibility_equal,equal,2010s,Jester/Trickster,3.42725327800595
all_rows_missing_visibility_equal,equal,2010s,Lover,4.3094738724113695
all_rows_missing_visibility_equal,equal,2010s,Magician/Transformer,5.445072212323149
all_rows_missing_visibility_equal,equal,2010s,Rebel/Outlaw,4.25523686984405
all_rows_missing_visibility_equal,equal,2010s,Ruler/Leader,4.899686826068164
all_rows_missing_visibility_equal,equal,2010s,Sage/Investigator,8.129177287743378
all_rows_missing_visibility_equal,equal,2010s,Uncertain,1.9471613999822885
all_rows_missing_visibility_equal,equal,2020s,Caregiver/Guardian,2.8339442426251598
all_rows_missing_visibility_equal,equal,2020s,Creator/Artist,3.7373110341222415
all_rows_missing_visibility_equal,equal,2020s,Everyman/Orphan,10.474320989958143
all_rows_missing_visibility_equal,equal,2020s,Explorer/Seeker,32.30608827130255
all_rows_missing_visibility_equal,equal,2020s,Hero/Warrior,21.95365090197475
all_rows_missing_visibility_equal,equal,2020s,Innocent,1.5336640069581406
all_rows_missing_visibility_equal,equal,2020s,Jester/Trickster,2.4574460273629586
all_rows_missing_visibility_equal,equal,2020s,Lover,3.733554558096598
all_rows_missing_visibility_equal,equal,2020s,Magician/Transformer,4.58124111840673
all_rows_missing_visibility_equal,equal,2020s,Rebel/Outlaw,3.571747983263324
all_rows_missing_visibility_equal,equal,2020s,Ruler/Leader,4.097321602543041
all_rows_missing_visibility_equal,equal,2020s,Sage/Investigator,7.045736528794598
all_rows_missing_visibility_equal,equal,2020s,Uncertain,1.673972734591767
all_rows_missing_visibility_equal,log_cap_p99,1980s,Caregiver/Guardian,3.438024795076359
all_rows_missing_visibility_equal,log_cap_p99,1980s,Creator/Artist,3.6395898085161766
all_rows_missing_visibility_equal,log_cap_p99,1980s,Everyman/Orphan,5.260217910259582
all_rows_missing_visibility_equal,log_cap_p99,1980s,Explorer/Seeker,23.338631345970718
all_rows_missing_visibility_equal,log_cap_p99,1980s,Hero/Warrior,38.070312345049146
all_rows_missing_visibility_equal,log_cap_p99,1980s,Innocent,0.7178882936398971
all_rows_missing_visibility_equal,log_cap_p99,1980s,Jester/Trickster,1.0927722709144763
all_rows_missing_visibility_equal,log_cap_p99,1980s,Lover,1.2544927571822924
all_rows_missing_visibility_equal,log_cap_p99,1980s,Magician/Transformer,6.6809017892846985
all_rows_missing_visibility_equal,log_cap_p99,1980s,Rebel/Outlaw,1.8331462928305768
all_rows_missing_visibility_equal,log_cap_p99,1980s,Ruler/Leader,5.313499397262005
all_rows_missing_visibility_equal,log_cap_p99,1980s,Sage/Investigator,9.3913988351849
all_rows_missing_visibility_equal,log_cap_p99,1980s,Uncertain,0.7840138592061627
all_rows_missing_visibility_equal,log_cap_p99,1990s,Caregiver/Guardian,3.037794878226639
all_rows_missing_visibility_equal,log_cap_p99,1990s,Creator/Artist,3.2817923567642304
all_rows_missing_visibility_equal,log_cap_p99,1990s,Everyman/Orphan,5.215437042381727
all_rows_missing_visibility_equal,log_cap_p99,1990s,Explorer/Seeker,24.31230280033358
all_rows_missing_visibility_equal,log_cap_p99,1990s,Hero/Warrior,31.432987671206934
all_rows_missing_visibility_equal,log_cap_p99,1990s,Innocent,2.084981078737309
all_rows_missing_visibility_equal,log_cap_p99,1990s,Jester/Trickster,2.90576308266534
all_rows_missing_visibility_equal,log_cap_p99,1990s,Lover,2.0426116301150636
all_rows_missing_visibility_equal,log_cap_p99,1990s,Magician/Transformer,6.649207410322626
all_rows_missing_visibility_equal,log_cap_p99,1990s,Rebel/Outlaw,3.1156260911969484
all_rows_missing_visibility_equal,log_cap_p99,1990s,Ruler/Leader,5.963218367301991
all_rows_missing_visibility_equal,log_cap_p99,1990s,Sage/Investigator,8.941171905585872
all_rows_missing_visibility_equal,log_cap_p99,1990s,Uncertain,1.130117427957487
all_rows_missing_visibility_equal,log_cap_p99,2000s,Caregiver/Guardian,2.570150240971628
all_rows_missing_visibility_equal,log_cap_p99,2000s,Creator/Artist,3.048217165816329
all_rows_missing_visibility_equal,log_cap_p99,2000s,Everyman/Orphan,6.044883077272631
all_rows_missing_visibility_equal,log_cap_p99,2000s,Explorer/Seeker,22.835824652517896
all_rows_missing_visibility_equal,log_cap_p99,2000s,Hero/Warrior,28.033868937883597
all_rows_missing_visibility_equal,log_cap_p99,2000s,Innocent,1.7196573084017674
all_rows_missing_visibility_equal,log_cap_p99,2000s,Jester/Trickster,3.5248218110425946
all_rows_missing_visibility_equal,log_cap_p99,2000s,Lover,2.4587701855527078
all_rows_missing_visibility_equal,log_cap_p99,2000s,Magician/Transformer,5.224319605383843
all_rows_missing_visibility_equal,log_cap_p99,2000s,Rebel/Outlaw,5.735932588828755
all_rows_missing_visibility_equal,log_cap_p99,2000s,Ruler/Leader,6.87149184306173
all_rows_missing_visibility_equal,log_cap_p99,2000s,Sage/Investigator,9.349552323269613
all_rows_missing_visibility_equal,log_cap_p99,2000s,Uncertain,2.582510259996906
all_rows_missing_visibility_equal,log_cap_p99,2010s,Caregiver/Guardian,2.365387752000578
all_rows_missing_visibility_equal,log_cap_p99,2010s,Creator/Artist,4.4031600086304845
all_rows_missing_visibility_equal,log_cap_p99,2010s,Everyman/Orphan,9.864054594745706
all_rows_missing_visibility_equal,log_cap_p99,2010s,Explorer/Seeker,19.96643179909657
all_rows_missing_visibility_equal,log_cap_p99,2010s,Hero/Warrior,21.37729467420317
all_rows_missing_visibility_equal,log_cap_p99,2010s,Innocent,2.310320274270181
all_rows_missing_visibility_equal,log_cap_p99,2010s,Jester/Trickster,5.690916159804436
all_rows_missing_visibility_equal,log_cap_p99,2010s,Lover,3.186251353715805
all_rows_missing_visibility_equal,log_cap_p99,2010s,Magician/Transformer,5.34151499720542
all_rows_missing_visibility_equal,log_cap_p99,2010s,Rebel/Outlaw,7.263254067037797
all_rows_missing_visibility_equal,log_cap_p99,2010s,Ruler/Leader,5.627611585938427
all_rows_missing_visibility_equal,log_cap_p99,2010s,Sage/Investigator,8.20774759803453
all_rows_missing_visibility_equal,log_cap_p99,2010s,Uncertain,4.396055135316899
all_rows_missing_visibility_equal,log_cap_p99,2020s,Caregiver/Guardian,2.9841924959764525
all_rows_missing_visibility_equal,log_cap_p99,2020s,Creator/Artist,5.002128710626695
all_rows_missing_visibility_equal,log_cap_p99,2020s,Everyman/Orphan,11.69438551039613
all_rows_missing_visibility_equal,log_cap_p99,2020s,Explorer/Seeker,22.723477402337256
all_rows_missing_visibility_equal,log_cap_p99,2020s,Hero/Warrior,19.144840008744747
all_rows_missing_visibility_equal,log_cap_p99,2020s,Innocent,2.251527583333849
all_rows_missing_visibility_equal,log_cap_p99,2020s,Jester/Trickster,4.5134161452303845
all_rows_missing_visibility_equal,log_cap_p99,2020s,Lover,3.4909985634991436
all_rows_missing_visibility_equal,log_cap_p99,2020s,Magician/Transformer,5.467459803852822
all_rows_missing_visibility_equal,log_cap_p99,2020s,Rebel/Outlaw,6.360762843150757
all_rows_missing_visibility_equal,log_cap_p99,2020s,Ruler/Leader,5.116770519268827
all_rows_missing_visibility_equal,log_cap_p99,2020s,Sage/Investigator,7.058563500825301
all_rows_missing_visibility_equal,log_cap_p99,2020s,Uncertain,4.191476912757638
all_rows_missing_visibility_equal,log_reviews,1980s,Caregiver/Guardian,3.438024795076359
all_rows_missing_visibility_equal,log_reviews,1980s,Creator/Artist,3.6395898085161766
all_rows_missing_visibility_equal,log_reviews,1980s,Everyman/Orphan,5.260217910259582
all_rows_missing_visibility_equal,log_reviews,1980s,Explorer/Seeker,23.338631345970718
all_rows_missing_visibility_equal,log_reviews,1980s,Hero/Warrior,38.070312345049146
all_rows_missing_visibility_equal,log_reviews,1980s,Innocent,0.7178882936398971
all_rows_missing_visibility_equal,log_reviews,1980s,Jester/Trickster,1.0927722709144763
all_rows_missing_visibility_equal,log_reviews,1980s,Lover,1.2544927571822924
all_rows_missing_visibility_equal,log_reviews,1980s,Magician/Transformer,6.6809017892846985
all_rows_missing_visibility_equal,log_reviews,1980s,Rebel/Outlaw,1.8331462928305768
all_rows_missing_visibility_equal,log_reviews,1980s,Ruler/Leader,5.313499397262005
all_rows_missing_visibility_equal,log_reviews,1980s,Sage/Investigator,9.3913988351849
all_rows_missing_visibility_equal,log_reviews,1980s,Uncertain,0.7840138592061627
all_rows_missing_visibility_equal,log_reviews,1990s,Caregiver/Guardian,3.0371994147631476
all_rows_missing_visibility_equal,log_reviews,1990s,Creator/Artist,3.2811906720882456
all_rows_missing_visibility_equal,log_reviews,1990s,Everyman/Orphan,5.217463743270221
all_rows_missing_visibility_equal,log_reviews,1990s,Explorer/Seeker,24.307308076936103
all_rows_missing_visibility_equal,log_reviews,1990s,Hero/Warrior,31.43366302296898
all_rows_missing_visibility_equal,log_reviews,1990s,Innocent,2.084580529699285
all_rows_missing_visibility_equal,log_reviews,1990s,Jester/Trickster,2.905053106764961
all_rows_missing_visibility_equal,log_reviews,1990s,Lover,2.0419183502798366
all_rows_missing_visibility_equal,log_reviews,1990s,Magician/Transformer,6.648202567321934
all_rows_missing_visibility_equal,log_reviews,1990s,Rebel/Outlaw,3.114503591275242
all_rows_missing_visibility_equal,log_reviews,1990s,Ruler/Leader,5.961652320286824
all_rows_missing_visibility_equal,log_reviews,1990s,Sage/Investigator,8.950477822344224
all_rows_missing_visibility_equal,log_reviews,1990s,Uncertain,1.129763091112216
all_rows_missing_visibility_equal,log_reviews,2000s,Caregiver/Guardian,2.5714651656597693
all_rows_missing_visibility_equal,log_reviews,2000s,Creator/Artist,3.0451084534211903
all_rows_missing_visibility_equal,log_reviews,2000s,Everyman/Orphan,6.060498750332804
all_rows_missing_visibility_equal,log_reviews,2000s,Explorer/Seeker,22.814981106179765
all_rows_missing_visibility_equal,log_reviews,2000s,Hero/Warrior,28.030780080652725
all_rows_missing_visibility_equal,log_reviews,2000s,Innocent,1.7180277298622904
all_rows_missing_visibility_equal,log_reviews,2000s,Jester/Trickster,3.5272073151264003
all_rows_missing_visibility_equal,log_reviews,2000s,Lover,2.4589127020000996
all_rows_missing_visibility_equal,log_reviews,2000s,Magician/Transformer,5.219554012027009
all_rows_missing_visibility_equal,log_reviews,2000s,Rebel/Outlaw,5.756685118997264
all_rows_missing_visibility_equal,log_reviews,2000s,Ruler/Leader,6.865548329244005
all_rows_missing_visibility_equal,log_reviews,2000s,Sage/Investigator,9.34603834395755
all_rows_missing_visibility_equal,log_reviews,2000s,Uncertain,2.5851928925391228
all_rows_missing_visibility_equal,log_reviews,2010s,Caregiver/Guardian,2.3732449480875584
all_rows_missing_visibility_equal,log_reviews,2010s,Creator/Artist,4.399248025894204
all_rows_missing_visibility_equal,log_reviews,2010s,Everyman/Orphan,9.885177968269993
all_rows_missing_visibility_equal,log_reviews,2010s,Explorer/Seeker,19.95330435226409
all_rows_missing_visibility_equal,log_reviews,2010s,Hero/Warrior,21.376973803448067
all_rows_missing_visibility_equal,log_reviews,2010s,Innocent,2.310542613433718
all_rows_missing_visibility_equal,log_reviews,2010s,Jester/Trickster,5.684345456947317
all_rows_missing_visibility_equal,log_reviews,2010s,Lover,3.1812062284741414
all_rows_missing_visibility_equal,log_reviews,2010s,Magician/Transformer,5.336280052838663
all_rows_missing_visibility_equal,log_reviews,2010s,Rebel/Outlaw,7.28252408671881
all_rows_missing_visibility_equal,log_reviews,2010s,Ruler/Leader,5.620525716456772
all_rows_missing_visibility_equal,log_reviews,2010s,Sage/Investigator,8.194901274280067
all_rows_missing_visibility_equal,log_reviews,2010s,Uncertain,4.401725472886597
all_rows_missing_visibility_equal,log_reviews,2020s,Caregiver/Guardian,2.9858675840737354
all_rows_missing_visibility_equal,log_reviews,2020s,Creator/Artist,5.000940414179644
all_rows_missing_visibility_equal,log_reviews,2020s,Everyman/Orphan,11.696217393629516
all_rows_missing_visibility_equal,log_reviews,2020s,Explorer/Seeker,22.7226777793655
all_rows_missing_visibility_equal,log_reviews,2020s,Hero/Warrior,19.152100284616576
all_rows_missing_visibility_equal,log_reviews,2020s,Innocent,2.251651025222425
all_rows_missing_visibility_equal,log_reviews,2020s,Jester/Trickster,4.510601938616619
all_rows_missing_visibility_equal,log_reviews,2020s,Lover,3.49008703624259
all_rows_missing_visibility_equal,log_reviews,2020s,Magician/Transformer,5.466546333791982
all_rows_missing_visibility_equal,log_reviews,2020s,Rebel/Outlaw,6.363526914893743
all_rows_missing_visibility_equal,log_reviews,2020s,Ruler/Leader,5.1145006874498735
all_rows_missing_visibility_equal,log_reviews,2020s,Sage/Investigator,7.054023229145895
all_rows_missing_visibility_equal,log_reviews,2020s,Uncertain,4.191259378771897
all_rows_missing_visibility_equal,raw_cap_p99,1980s,Caregiver/Guardian,2.605377454288573
all_rows_missing_visibility_equal,raw_cap_p99,1980s,Creator/Artist,2.704261092654959
all_rows_missing_visibility_equal,raw_cap_p99,1980s,Everyman/Orphan,5.470717371117173
all_rows_missing_visibility_equal,raw_cap_p99,1980s,Explorer/Seeker,25.184784146598624
all_rows_missing_visibility_equal,raw_cap_p99,1980s,Hero/Warrior,33.07784107164326
all_rows_missing_visibility_equal,raw_cap_p99,1980s,Innocent,0.7010816477351864
all_rows_missing_visibility_equal,raw_cap_p99,1980s,Jester/Trickster,4.9448514101405765
all_rows_missing_visibility_equal,raw_cap_p99,1980s,Lover,2.948514486956087
all_rows_missing_visibility_equal,raw_cap_p99,1980s,Magician/Transformer,5.840056354974145
all_rows_missing_visibility_equal,raw_cap_p99,1980s,Rebel/Outlaw,3.0727847895573834
all_rows_missing_visibility_equal,raw_cap_p99,1980s,Ruler/Leader,4.425416302649511
all_rows_missing_visibility_equal,raw_cap_p99,1980s,Sage/Investigator,9.18351612180635
all_rows_missing_visibility_equal,raw_cap_p99,1980s,Uncertain,3.352828908922261
all_rows_missing_visibility_equal,raw_cap_p99,1990s,Caregiver/Guardian,0.49273403357098394
all_rows_missing_visibility_equal,raw_cap_p99,1990s,Creator/Artist,0.7272870056090911
all_rows_missing_visibility_equal,raw_cap_p99,1990s,Everyman/Orphan,7.0569618267631125
all_rows_missing_visibility_equal,raw_cap_p99,1990s,Explorer/Seeker,26.40666071630094
all_rows_missing_visibility_equal,raw_cap_p99,1990s,Hero/Warrior,26.32984176204796
all_rows_missing_visibility_equal,raw_cap_p99,1990s,Innocent,1.9397390922191757
all_rows_missing_visibility_equal,raw_cap_p99,1990s,Jester/Trickster,3.419557700839853
all_rows_missing_visibility_equal,raw_cap_p99,1990s,Lover,1.5484857317167342
all_rows_missing_visibility_equal,raw_cap_p99,1990s,Magician/Transformer,5.524571721431773
all_rows_missing_visibility_equal,raw_cap_p99,1990s,Rebel/Outlaw,5.883882799167773
all_rows_missing_visibility_equal,raw_cap_p99,1990s,Ruler/Leader,3.4736092729403283
all_rows_missing_visibility_equal,raw_cap_p99,1990s,Sage/Investigator,13.029136394859881
all_rows_missing_visibility_equal,raw_cap_p99,1990s,Uncertain,4.630591047258219
all_rows_missing_visibility_equal,raw_cap_p99,2000s,Caregiver/Guardian,1.3368074740982028
all_rows_missing_visibility_equal,raw_cap_p99,2000s,Creator/Artist,1.368807339343468
all_rows_missing_visibility_equal,raw_cap_p99,2000s,Everyman/Orphan,7.628022552359939
all_rows_missing_visibility_equal,raw_cap_p99,2000s,Explorer/Seeker,17.143686778737045
all_rows_missing_visibility_equal,raw_cap_p99,2000s,Hero/Warrior,25.469311665967552
all_rows_missing_visibility_equal,raw_cap_p99,2000s,Innocent,0.6477091711042038
all_rows_missing_visibility_equal,raw_cap_p99,2000s,Jester/Trickster,4.84381780078182
all_rows_missing_visibility_equal,raw_cap_p99,2000s,Lover,1.183362658093405
all_rows_missing_visibility_equal,raw_cap_p99,2000s,Magician/Transformer,2.7085926885595164
all_rows_missing_visibility_equal,raw_cap_p99,2000s,Rebel/Outlaw,15.61567758206587
all_rows_missing_visibility_equal,raw_cap_p99,2000s,Ruler/Leader,5.86047927157748
all_rows_missing_visibility_equal,raw_cap_p99,2000s,Sage/Investigator,8.525375071056967
all_rows_missing_visibility_equal,raw_cap_p99,2000s,Uncertain,7.668349946254532
all_rows_missing_visibility_equal,raw_cap_p99,2010s,Caregiver/Guardian,4.22231168483166
all_rows_missing_visibility_equal,raw_cap_p99,2010s,Creator/Artist,3.28022704319592
all_rows_missing_visibility_equal,raw_cap_p99,2010s,Everyman/Orphan,12.349520208302362
all_rows_missing_visibility_equal,raw_cap_p99,2010s,Explorer/Seeker,14.880102976828189
all_rows_missing_visibility_equal,raw_cap_p99,2010s,Hero/Warrior,22.338540293017868
all_rows_missing_visibility_equal,raw_cap_p99,2010s,Innocent,3.1694191382433106
all_rows_missing_visibility_equal,raw_cap_p99,2010s,Jester/Trickster,4.822476490725832
all_rows_missing_visibility_equal,raw_cap_p99,2010s,Lover,2.72626791245101
all_rows_missing_visibility_equal,raw_cap_p99,2010s,Magician/Transformer,3.2336337316872283
all_rows_missing_visibility_equal,raw_cap_p99,2010s,Rebel/Outlaw,10.143185415538982
all_rows_missing_visibility_equal,raw_cap_p99,2010s,Ruler/Leader,4.836689008701177
all_rows_missing_visibility_equal,raw_cap_p99,2010s,Sage/Investigator,7.520110911287863
all_rows_missing_visibility_equal,raw_cap_p99,2010s,Uncertain,6.4775151851885955
all_rows_missing_visibility_equal,raw_cap_p99,2020s,Caregiver/Guardian,4.437868331546125
all_rows_missing_visibility_equal,raw_cap_p99,2020s,Creator/Artist,5.557685054730218
all_rows_missing_visibility_equal,raw_cap_p99,2020s,Everyman/Orphan,12.487506123273386
all_rows_missing_visibility_equal,raw_cap_p99,2020s,Explorer/Seeker,17.229116278447076
all_rows_missing_visibility_equal,raw_cap_p99,2020s,Hero/Warrior,21.493939959478567
all_rows_missing_visibility_equal,raw_cap_p99,2020s,Innocent,2.5456261712621564
all_rows_missing_visibility_equal,raw_cap_p99,2020s,Jester/Trickster,4.210433957998296
all_rows_missing_visibility_equal,raw_cap_p99,2020s,Lover,3.16244056043681
all_rows_missing_visibility_equal,raw_cap_p99,2020s,Magician/Transformer,4.257581089246129
all_rows_missing_visibility_equal,raw_cap_p99,2020s,Rebel/Outlaw,8.403391393632392
all_rows_missing_visibility_equal,raw_cap_p99,2020s,Ruler/Leader,5.598551892928012
all_rows_missing_visibility_equal,raw_cap_p99,2020s,Sage/Investigator,5.40454207769544
all_rows_missing_visibility_equal,raw_cap_p99,2020s,Uncertain,5.211317109325389
all_rows_missing_visibility_equal,raw_reviews,1980s,Caregiver/Guardian,2.605377454288573
all_rows_missing_visibility_equal,raw_reviews,1980s,Creator/Artist,2.704261092654959
all_rows_missing_visibility_equal,raw_reviews,1980s,Everyman/Orphan,5.470717371117173
all_rows_missing_visibility_equal,raw_reviews,1980s,Explorer/Seeker,25.184784146598624
all_rows_missing_visibility_equal,raw_reviews,1980s,Hero/Warrior,33.07784107164326
all_rows_missing_visibility_equal,raw_reviews,1980s,Innocent,0.7010816477351864
all_rows_missing_visibility_equal,raw_reviews,1980s,Jester/Trickster,4.9448514101405765
all_rows_missing_visibility_equal,raw_reviews,1980s,Lover,2.948514486956087
all_rows_missing_visibility_equal,raw_reviews,1980s,Magician/Transformer,5.840056354974145
all_rows_missing_visibility_equal,raw_reviews,1980s,Rebel/Outlaw,3.0727847895573834
all_rows_missing_visibility_equal,raw_reviews,1980s,Ruler/Leader,4.425416302649511
all_rows_missing_visibility_equal,raw_reviews,1980s,Sage/Investigator,9.18351612180635
all_rows_missing_visibility_equal,raw_reviews,1980s,Uncertain,3.352828908922261
all_rows_missing_visibility_equal,raw_reviews,1990s,Caregiver/Guardian,0.47123381765482736
all_rows_missing_visibility_equal,raw_reviews,1990s,Creator/Artist,0.7230283710933192
all_rows_missing_visibility_equal,raw_reviews,1990s,Everyman/Orphan,6.990933561669524
all_rows_missing_visibility_equal,raw_reviews,1990s,Explorer/Seeker,25.609579641251724
all_rows_missing_visibility_equal,raw_reviews,1990s,Hero/Warrior,26.465519176287632
all_rows_missing_visibility_equal,raw_reviews,1990s,Innocent,1.9257300698963433
all_rows_missing_visibility_equal,raw_reviews,1990s,Jester/Trickster,3.377109859443704
all_rows_missing_visibility_equal,raw_reviews,1990s,Lover,1.5372723880349568
all_rows_missing_visibility_equal,raw_reviews,1990s,Magician/Transformer,5.5213528148678614
all_rows_missing_visibility_equal,raw_reviews,1990s,Rebel/Outlaw,5.723557651243997
all_rows_missing_visibility_equal,raw_reviews,1990s,Ruler/Leader,3.3069668893063024
all_rows_missing_visibility_equal,raw_reviews,1990s,Sage/Investigator,14.221176379304485
all_rows_missing_visibility_equal,raw_reviews,1990s,Uncertain,4.585043755494804
all_rows_missing_visibility_equal,raw_reviews,2000s,Caregiver/Guardian,1.8830400490424375
all_rows_missing_visibility_equal,raw_reviews,2000s,Creator/Artist,0.8696455471884377
all_rows_missing_visibility_equal,raw_reviews,2000s,Everyman/Orphan,11.700798337451591
all_rows_missing_visibility_equal,raw_reviews,2000s,Explorer/Seeker,14.035321971128415
all_rows_missing_visibility_equal,raw_reviews,2000s,Hero/Warrior,25.05240309006278
all_rows_missing_visibility_equal,raw_reviews,2000s,Innocent,0.4764098765054016
all_rows_missing_visibility_equal,raw_reviews,2000s,Jester/Trickster,5.064781290295829
all_rows_missing_visibility_equal,raw_reviews,2000s,Lover,0.8964785405119468
all_rows_missing_visibility_equal,raw_reviews,2000s,Magician/Transformer,2.2646785871690063
all_rows_missing_visibility_equal,raw_reviews,2000s,Rebel/Outlaw,17.4605822292522
all_rows_missing_visibility_equal,raw_reviews,2000s,Ruler/Leader,5.08695286453396
all_rows_missing_visibility_equal,raw_reviews,2000s,Sage/Investigator,8.16916617794396
all_rows_missing_visibility_equal,raw_reviews,2000s,Uncertain,7.0397414389140405
all_rows_missing_visibility_equal,raw_reviews,2010s,Caregiver/Guardian,5.163725832452328
all_rows_missing_visibility_equal,raw_reviews,2010s,Creator/Artist,4.29231401844303
all_rows_missing_visibility_equal,raw_reviews,2010s,Everyman/Orphan,14.594692329945513
all_rows_missing_visibility_equal,raw_reviews,2010s,Explorer/Seeker,15.348190449721972
all_rows_missing_visibility_equal,raw_reviews,2010s,Hero/Warrior,22.421721281818492
all_rows_missing_visibility_equal,raw_reviews,2010s,Innocent,2.63766739784109
all_rows_missing_visibility_equal,raw_reviews,2010s,Jester/Trickster,3.7138967602095376
all_rows_missing_visibility_equal,raw_reviews,2010s,Lover,2.03070574957509
all_rows_missing_visibility_equal,raw_reviews,2010s,Magician/Transformer,3.1084179352444368
all_rows_missing_visibility_equal,raw_reviews,2010s,Rebel/Outlaw,11.795505608323229
all_rows_missing_visibility_equal,raw_reviews,2010s,Ruler/Leader,3.5760730426568763
all_rows_missing_visibility_equal,raw_reviews,2010s,Sage/Investigator,5.109019270489563
all_rows_missing_visibility_equal,raw_reviews,2010s,Uncertain,6.208070323278843
all_rows_missing_visibility_equal,raw_reviews,2020s,Caregiver/Guardian,4.003262530693782
all_rows_missing_visibility_equal,raw_reviews,2020s,Creator/Artist,4.60184762224002
all_rows_missing_visibility_equal,raw_reviews,2020s,Everyman/Orphan,11.908057502032726
all_rows_missing_visibility_equal,raw_reviews,2020s,Explorer/Seeker,20.159586861307975
all_rows_missing_visibility_equal,raw_reviews,2020s,Hero/Warrior,24.84255828831809
all_rows_missing_visibility_equal,raw_reviews,2020s,Innocent,1.9728596831146132
all_rows_missing_visibility_equal,raw_reviews,2020s,Jester/Trickster,3.3820428634012667
all_rows_missing_visibility_equal,raw_reviews,2020s,Lover,2.5572828436135695
all_rows_missing_visibility_equal,raw_reviews,2020s,Magician/Transformer,5.0344215207131
all_rows_missing_visibility_equal,raw_reviews,2020s,Rebel/Outlaw,8.473255801599779
all_rows_missing_visibility_equal,raw_reviews,2020s,Ruler/Leader,4.3592832039047895
all_rows_missing_visibility_equal,raw_reviews,2020s,Sage/Investigator,4.3187998352173205
all_rows_missing_visibility_equal,raw_reviews,2020s,Uncertain,4.386741443842962
all_rows_missing_visibility_equal,sqrt_reviews,1980s,Caregiver/Guardian,3.380992862941158
all_rows_missing_visibility_equal,sqrt_reviews,1980s,Creator/Artist,3.5781140454179394
all_rows_missing_visibility_equal,sqrt_reviews,1980s,Everyman/Orphan,5.281775865537365
all_rows_missing_visibility_equal,sqrt_reviews,1980s,Explorer/Seeker,23.441359749645027
all_rows_missing_visibility_equal,sqrt_reviews,1980s,Hero/Warrior,37.732596434344586
all_rows_missing_visibility_equal,sqrt_reviews,1980s,Innocent,0.7199613473973326
all_rows_missing_visibility_equal,sqrt_reviews,1980s,Jester/Trickster,1.350318724224192
all_rows_missing_visibility_equal,sqrt_reviews,1980s,Lover,1.378338899944936
all_rows_missing_visibility_equal,sqrt_reviews,1980s,Magician/Transformer,6.605213991553255
all_rows_missing_visibility_equal,sqrt_reviews,1980s,Rebel/Outlaw,1.9141470267951994
all_rows_missing_visibility_equal,sqrt_reviews,1980s,Ruler/Leader,5.248849350973933
all_rows_missing_visibility_equal,sqrt_reviews,1980s,Sage/Investigator,9.40288280702625
all_rows_missing_visibility_equal,sqrt_reviews,1980s,Uncertain,1.0048076662124854
all_rows_missing_visibility_equal,sqrt_reviews,1990s,Caregiver/Guardian,2.3889329824533547
all_rows_missing_visibility_equal,sqrt_reviews,1990s,Creator/Artist,2.6722352742310194
all_rows_missing_visibility_equal,sqrt_reviews,1990s,Everyman/Orphan,5.807348068654235
all_rows_missing_visibility_equal,sqrt_reviews,1990s,Explorer/Seeker,23.90076233680372
all_rows_missing_visibility_equal,sqrt_reviews,1990s,Hero/Warrior,30.517116578363527
all_rows_missing_visibility_equal,sqrt_reviews,1990s,Innocent,2.1528232405000867
all_rows_missing_visibility_equal,sqrt_reviews,1990s,Jester/Trickster,3.1945057995363912
all_rows_missing_visibility_equal,sqrt_reviews,1990s,Lover,1.7838538980973362
all_rows_missing_visibility_equal,sqrt_reviews,1990s,Magician/Transformer,6.0666615405727224
all_rows_missing_visibility_equal,sqrt_reviews,1990s,Rebel/Outlaw,3.9392648564050736
all_rows_missing_visibility_equal,sqrt_reviews,1990s,Ruler/Leader,5.644881399635617
all_rows_missing_visibility_equal,sqrt_reviews,1990s,Sage/Investigator,10.078598244153739
all_rows_missing_visibility_equal,sqrt_reviews,1990s,Uncertain,2.058906422881302
all_rows_missing_visibility_equal,sqrt_reviews,2000s,Caregiver/Guardian,1.8981135361471253
all_rows_missing_visibility_equal,sqrt_reviews,2000s,Creator/Artist,2.3022544922522075
all_rows_missing_visibility_equal,sqrt_reviews,2000s,Everyman/Orphan,7.184131375213228
all_rows_missing_visibility_equal,sqrt_reviews,2000s,Explorer/Seeker,18.825015484919696
all_rows_missing_visibility_equal,sqrt_reviews,2000s,Hero/Warrior,26.877737992137128
all_rows_missing_visibility_equal,sqrt_reviews,2000s,Innocent,1.2073260837896929
all_rows_missing_visibility_equal,sqrt_reviews,2000s,Jester/Trickster,4.120219592518195
all_rows_missing_visibility_equal,sqrt_reviews,2000s,Lover,1.635966250153255
all_rows_missing_visibility_equal,sqrt_reviews,2000s,Magician/Transformer,4.0642127991051025
all_rows_missing_visibility_equal,sqrt_reviews,2000s,Rebel/Outlaw,10.75094767121279
all_rows_missing_visibility_equal,sqrt_reviews,2000s,Ruler/Leader,7.027832949657624
all_rows_missing_visibility_equal,sqrt_reviews,2000s,Sage/Investigator,9.018491351901341
all_rows_missing_visibility_equal,sqrt_reviews,2000s,Uncertain,5.087750420992609
all_rows_missing_visibility_equal,sqrt_reviews,2010s,Caregiver/Guardian,3.191619507629151
all_rows_missing_visibility_equal,sqrt_reviews,2010s,Creator/Artist,4.082150131692265
all_rows_missing_visibility_equal,sqrt_reviews,2010s,Everyman/Orphan,11.603763642925768
all_rows_missing_visibility_equal,sqrt_reviews,2010s,Explorer/Seeker,16.976163985937074
all_rows_missing_visibility_equal,sqrt_reviews,2010s,Hero/Warrior,21.520342341235434
all_rows_missing_visibility_equal,sqrt_reviews,2010s,Innocent,2.6199755242326677
all_rows_missing_visibility_equal,sqrt_reviews,2010s,Jester/Trickster,5.594698135414361
all_rows_missing_visibility_equal,sqrt_reviews,2010s,Lover,2.6734200217603576
all_rows_missing_visibility_equal,sqrt_reviews,2010s,Magician/Transformer,4.221905876018248
all_rows_missing_visibility_equal,sqrt_reviews,2010s,Rebel/Outlaw,9.209036498531287
all_rows_missing_visibility_equal,sqrt_reviews,2010s,Ruler/Leader,5.304126248139328
all_rows_missing_visibility_equal,sqrt_reviews,2010s,Sage/Investigator,7.426687820055122
all_rows_missing_visibility_equal,sqrt_reviews,2010s,Uncertain,5.576110266428936
all_rows_missing_visibility_equal,sqrt_reviews,2020s,Caregiver/Guardian,3.5079138553516507
all_rows_missing_visibility_equal,sqrt_reviews,2020s,Creator/Artist,5.520815825786911
all_rows_missing_visibility_equal,sqrt_reviews,2020s,Everyman/Orphan,11.996253200095376
all_rows_missing_visibility_equal,sqrt_reviews,2020s,Explorer/Seeker,19.73365181902098
all_rows_missing_visibility_equal,sqrt_reviews,2020s,Hero/Warrior,19.654649886280048
all_rows_missing_visibility_equal,sqrt_reviews,2020s,Innocent,2.267199337768046
all_rows_missing_visibility_equal,sqrt_reviews,2020s,Jester/Trickster,4.673410311078169
all_rows_missing_visibility_equal,sqrt_reviews,2020s,Lover,3.374291826973298
all_rows_missing_visibility_equal,sqrt_reviews,2020s,Magician/Transformer,5.021592906196848
all_rows_missing_visibility_equal,sqrt_reviews,2020s,Rebel/Outlaw,7.451536523409019
all_rows_missing_visibility_equal,sqrt_reviews,2020s,Ruler/Leader,5.539914183713151
all_rows_missing_visibility_equal,sqrt_reviews,2020s,Sage/Investigator,6.5775266226118205
all_rows_missing_visibility_equal,sqrt_reviews,2020s,Uncertain,4.681243701714684
all_rows_missing_visibility_equal,tiered_reviews,1980s,Caregiver/Guardian,3.495616494881112
all_rows_missing_visibility_equal,tiered_reviews,1980s,Creator/Artist,3.7143820171500175
all_rows_missing_visibility_equal,tiered_reviews,1980s,Everyman/Orphan,5.223588814744937
all_rows_missing_visibility_equal,tiered_reviews,1980s,Explorer/Seeker,23.311290019705282
all_rows_missing_visibility_equal,tiered_reviews,1980s,Hero/Warrior,38.41318521390387
all_rows_missing_visibility_equal,tiered_reviews,1980s,Innocent,0.7077838054192256
all_rows_missing_visibility_equal,tiered_reviews,1980s,Jester/Trickster,0.8977658060582971
all_rows_missing_visibility_equal,tiered_reviews,1980s,Lover,1.1481404558346129
all_rows_missing_visibility_equal,tiered_reviews,1980s,Magician/Transformer,6.692927552306441
all_rows_missing_visibility_equal,tiered_reviews,1980s,Rebel/Outlaw,1.732633507403494
all_rows_missing_visibility_equal,tiered_reviews,1980s,Ruler/Leader,5.340515591688265
all_rows_missing_visibility_equal,tiered_reviews,1980s,Sage/Investigator,9.380028969344137
all_rows_missing_visibility_equal,tiered_reviews,1980s,Uncertain,0.3191833216613694
all_rows_missing_visibility_equal,tiered_reviews,1990s,Caregiver/Guardian,3.472255252795145
all_rows_missing_visibility_equal,tiered_reviews,1990s,Creator/Artist,3.668917832107863
all_rows_missing_visibility_equal,tiered_reviews,1990s,Everyman/Orphan,5.0908910554331115
all_rows_missing_visibility_equal,tiered_reviews,1990s,Explorer/Seeker,25.041464492345543
all_rows_missing_visibility_equal,tiered_reviews,1990s,Hero/Warrior,32.18143404582671
all_rows_missing_visibility_equal,tiered_reviews,1990s,Innocent,1.9126640402616046
all_rows_missing_visibility_equal,tiered_reviews,1990s,Jester/Trickster,2.406412514391509
all_rows_missing_visibility_equal,tiered_reviews,1990s,Lover,2.1906205681218447
all_rows_missing_visibility_equal,tiered_reviews,1990s,Magician/Transformer,6.919625548999885
all_rows_missing_visibility_equal,tiered_reviews,1990s,Rebel/Outlaw,2.2594259795617306
all_rows_missing_visibility_equal,tiered_reviews,1990s,Ruler/Leader,5.752390548749267
all_rows_missing_visibility_equal,tiered_reviews,1990s,Sage/Investigator,8.649793427177771
all_rows_missing_visibility_equal,tiered_reviews,1990s,Uncertain,0.5045607713644701
all_rows_missing_visibility_equal,tiered_reviews,2000s,Caregiver/Guardian,3.155135265570221
all_rows_missing_visibility_equal,tiered_reviews,2000s,Creator/Artist,3.34202456820818
all_rows_missing_visibility_equal,tiered_reviews,2000s,Everyman/Orphan,5.994997040583815
all_rows_missing_visibility_equal,tiered_reviews,2000s,Explorer/Seeker,25.242741231693152
all_rows_missing_visibility_equal,tiered_reviews,2000s,Hero/Warrior,29.01137020956086
all_rows_missing_visibility_equal,tiered_reviews,2000s,Innocent,1.8747375045442465
all_rows_missing_visibility_equal,tiered_reviews,2000s,Jester/Trickster,3.078792250662958
all_rows_missing_visibility_equal,tiered_reviews,2000s,Lover,3.1469873238104022
all_rows_missing_visibility_equal,tiered_reviews,2000s,Magician/Transformer,5.475662523524003
all_rows_missing_visibility_equal,tiered_reviews,2000s,Rebel/Outlaw,3.7941637349399135
all_rows_missing_visibility_equal,tiered_reviews,2000s,Ruler/Leader,5.752287938391548
all_rows_missing_visibility_equal,tiered_reviews,2000s,Sage/Investigator,8.816228805174786
all_rows_missing_visibility_equal,tiered_reviews,2000s,Uncertain,1.3148716033359114
all_rows_missing_visibility_equal,tiered_reviews,2010s,Caregiver/Guardian,2.5517110401875605
all_rows_missing_visibility_equal,tiered_reviews,2010s,Creator/Artist,4.289685072011479
all_rows_missing_visibility_equal,tiered_reviews,2010s,Everyman/Orphan,9.292437689275639
all_rows_missing_visibility_equal,tiered_reviews,2010s,Explorer/Seeker,23.025652351997525
all_rows_missing_visibility_equal,tiered_reviews,2010s,Hero/Warrior,22.306077390650213
all_rows_missing_visibility_equal,tiered_reviews,2010s,Innocent,2.063827235349158
all_rows_missing_visibility_equal,tiered_reviews,2010s,Jester/Trickster,4.688928725080589
all_rows_missing_visibility_equal,tiered_reviews,2010s,Lover,3.7056476542764982
all_rows_missing_visibility_equal,tiered_reviews,2010s,Magician/Transformer,5.362338276752711
all_rows_missing_visibility_equal,tiered_reviews,2010s,Rebel/Outlaw,5.921092285441342
all_rows_missing_visibility_equal,tiered_reviews,2010s,Ruler/Leader,5.3224368432173765
all_rows_missing_visibility_equal,tiered_reviews,2010s,Sage/Investigator,8.167836979545939
all_rows_missing_visibility_equal,tiered_reviews,2010s,Uncertain,3.302328456213972
all_rows_missing_visibility_equal,tiered_reviews,2020s,Caregiver/Guardian,2.9218007881957617
all_rows_missing_visibility_equal,tiered_reviews,2020s,Creator/Artist,4.349096462558849
all_rows_missing_visibility_equal,tiered_reviews,2020s,Everyman/Orphan,11.08167030315334
all_rows_missing_visibility_equal,tiered_reviews,2020s,Explorer/Seeker,27.60873348182818
all_rows_missing_visibility_equal,tiered_reviews,2020s,Hero/Warrior,20.586593328309146
all_rows_missing_visibility_equal,tiered_reviews,2020s,Innocent,1.8801560344840207
all_rows_missing_visibility_equal,tiered_reviews,2020s,Jester/Trickster,3.4671853573151226
all_rows_missing_visibility_equal,tiered_reviews,2020s,Lover,3.625835577279071
all_rows_missing_visibility_equal,tiered_reviews,2020s,Magician/Transformer,4.987954693396964
all_rows_missing_visibility_equal,tiered_reviews,2020s,Rebel/Outlaw,4.9512837164294385
all_rows_missing_visibility_equal,tiered_reviews,2020s,Ruler/Leader,4.594834416370259
all_rows_missing_visibility_equal,tiered_reviews,2020s,Sage/Investigator,7.044290283083231
all_rows_missing_visibility_equal,tiered_reviews,2020s,Uncertain,2.900565557596616
matched_only,blend_equal_log,1980s,Caregiver/Guardian,3.0575931650541763
matched_only,blend_equal_log,1980s,Everyman/Orphan,10.016050677265476
matched_only,blend_equal_log,1980s,Explorer/Seeker,39.88915922179227
matched_only,blend_equal_log,1980s,Hero/Warrior,25.634594439314736
matched_only,blend_equal_log,1980s,Innocent,2.793898133871364
matched_only,blend_equal_log,1980s,Jester/Trickster,11.966523202948919
matched_only,blend_equal_log,1980s,Lover,8.857910708377764
matched_only,blend_equal_log,1980s,Magician/Transformer,20.737442628486853
matched_only,blend_equal_log,1980s,Rebel/Outlaw,13.776174778497397
matched_only,blend_equal_log,1980s,Ruler/Leader,7.660996367136651
matched_only,blend_equal_log,1980s,Sage/Investigator,10.43372412282859
matched_only,blend_equal_log,1980s,Uncertain,7.048690177203766
matched_only,blend_equal_log,1990s,Caregiver/Guardian,1.0652710602717443
matched_only,blend_equal_log,1990s,Creator/Artist,1.604702111361405
matched_only,blend_equal_log,1990s,Everyman/Orphan,5.724521316513146
matched_only,blend_equal_log,1990s,Explorer/Seeker,21.764274819096652
matched_only,blend_equal_log,1990s,Hero/Warrior,25.321468168515654
matched_only,blend_equal_log,1990s,Innocent,3.412742402267766
matched_only,blend_equal_log,1990s,Jester/Trickster,6.5424784583634965
matched_only,blend_equal_log,1990s,Lover,2.4914988092878483
matched_only,blend_equal_log,1990s,Magician/Transformer,5.28539022118656
matched_only,blend_equal_log,1990s,Rebel/Outlaw,8.374997935969729
matched_only,blend_equal_log,1990s,Ruler/Leader,7.560756093934929
matched_only,blend_equal_log,1990s,Sage/Investigator,10.77295530121362
matched_only,blend_equal_log,1990s,Uncertain,4.4821189764815035
matched_only,blend_equal_log,2000s,Caregiver/Guardian,1.3752414750221817
matched_only,blend_equal_log,2000s,Creator/Artist,2.229133176609769
matched_only,blend_equal_log,2000s,Everyman/Orphan,5.946057839026404
matched_only,blend_equal_log,2000s,Explorer/Seeker,16.62056566838124
matched_only,blend_equal_log,2000s,Hero/Warrior,25.32171988516489
matched_only,blend_equal_log,2000s,Innocent,1.6071168969583358
matched_only,blend_equal_log,2000s,Jester/Trickster,4.816215322235768
matched_only,blend_equal_log,2000s,Lover,0.8905316928129116
matched_only,blend_equal_log,2000s,Magician/Transformer,4.737158817246689
matched_only,blend_equal_log,2000s,Rebel/Outlaw,10.357512800061892
matched_only,blend_equal_log,2000s,Ruler/Leader,10.0592798509139
matched_only,blend_equal_log,2000s,Sage/Investigator,11.064133002606855
matched_only,blend_equal_log,2000s,Uncertain,5.5001467269407325
matched_only,blend_equal_log,2010s,Caregiver/Guardian,2.086496843245403
matched_only,blend_equal_log,2010s,Creator/Artist,4.511258487168419
matched_only,blend_equal_log,2010s,Everyman/Orphan,10.283039929593352
matched_only,blend_equal_log,2010s,Explorer/Seeker,16.951731668063882
matched_only,blend_equal_log,2010s,Hero/Warrior,20.266011385662694
matched_only,blend_equal_log,2010s,Innocent,2.5580977629517543
matched_only,blend_equal_log,2010s,Jester/Trickster,6.751948798210554
matched_only,blend_equal_log,2010s,Lover,2.536898348971751
matched_only,blend_equal_log,2010s,Magician/Transformer,5.573357227035161
matched_only,blend_equal_log,2010s,Rebel/Outlaw,8.685187639002255
matched_only,blend_equal_log,2010s,Ruler/Leader,5.946548965598177
matched_only,blend_equal_log,2010s,Sage/Investigator,8.334917441716545
matched_only,blend_equal_log,2010s,Uncertain,5.51450550278005
matched_only,blend_equal_log,2020s,Caregiver/Guardian,3.026398654444202
matched_only,blend_equal_log,2020s,Creator/Artist,5.828978041911569
matched_only,blend_equal_log,2020s,Everyman/Orphan,12.536844712317189
matched_only,blend_equal_log,2020s,Explorer/Seeker,16.028935549412846
matched_only,blend_equal_log,2020s,Hero/Warrior,16.99749002885699
matched_only,blend_equal_log,2020s,Innocent,2.880203825089263
matched_only,blend_equal_log,2020s,Jester/Trickster,5.996567043238016
matched_only,blend_equal_log,2020s,Lover,3.2404286662198296
matched_only,blend_equal_log,2020s,Magician/Transformer,6.366090076236749
matched_only,blend_equal_log,2020s,Rebel/Outlaw,8.222921054470769
matched_only,blend_equal_log,2020s,Ruler/Leader,5.728440950793778
matched_only,blend_equal_log,2020s,Sage/Investigator,7.033601233017452
matched_only,blend_equal_log,2020s,Uncertain,6.113100163991347
matched_only,equal,1980s,Caregiver/Guardian,3.5204483755144933
matched_only,equal,1980s,Everyman/Orphan,10.20882747292938
matched_only,equal,1980s,Explorer/Seeker,39.280550300358875
matched_only,equal,1980s,Hero/Warrior,26.58333601590482
matched_only,equal,1980s,Innocent,2.883216104778074
matched_only,equal,1980s,Jester/Trickster,10.793073252717221
matched_only,equal,1980s,Lover,8.158613752996628
matched_only,equal,1980s,Magician/Transformer,21.00412321125394
matched_only,equal,1980s,Rebel/Outlaw,13.500552680611946
matched_only,equal,1980s,Ruler/Leader,8.729784312641407
matched_only,equal,1980s,Sage/Investigator,10.33096316955773
matched_only,equal,1980s,Uncertain,7.294445791899102
matched_only,equal,1990s,Caregiver/Guardian,1.1478166571332442
matched_only,equal,1990s,Creator/Artist,1.5740731817680504
matched_only,equal,1990s,Everyman/Orphan,5.560278864646838
matched_only,equal,1990s,Explorer/Seeker,21.27219001256818
matched_only,equal,1990s,Hero/Warrior,25.728456690298923
matched_only,equal,1990s,Innocent,3.322722836330793
matched_only,equal,1990s,Jester/Trickster,6.659069092826842
matched_only,equal,1990s,Lover,2.371143922281803
matched_only,equal,1990s,Magician/Transformer,5.362028885523978
matched_only,equal,1990s,Rebel/Outlaw,8.649863744928568
matched_only,equal,1990s,Ruler/Leader,7.954715952512018
matched_only,equal,1990s,Sage/Investigator,10.381660235510292
matched_only,equal,1990s,Uncertain,4.462582497771525
matched_only,equal,2000s,Caregiver/Guardian,1.4206986346051096
matched_only,equal,2000s,Creator/Artist,2.2759198298310386
matched_only,equal,2000s,Everyman/Orphan,5.970129825985291
matched_only,equal,2000s,Explorer/Seeker,16.630458755175436
matched_only,equal,2000s,Hero/Warrior,25.132648023921732
matched_only,equal,2000s,Innocent,1.7117832193771667
matched_only,equal,2000s,Jester/Trickster,4.924696993452395
matched_only,equal,2000s,Lover,0.8710909783108746
matched_only,equal,2000s,Magician/Transformer,4.878395703359738
matched_only,equal,2000s,Rebel/Outlaw,9.837526508620043
matched_only,equal,2000s,Ruler/Leader,10.306546866923174
matched_only,equal,2000s,Sage/Investigator,11.344876280857083
matched_only,equal,2000s,Uncertain,5.237655526270744
matched_only,equal,2010s,Caregiver/Guardian,1.9928592627750443
matched_only,equal,2010s,Creator/Artist,4.532389193485717
matched_only,equal,2010s,Everyman/Orphan,10.099286296919846
matched_only,equal,2010s,Explorer/Seeker,17.123193798433945
matched_only,equal,2010s,Hero/Warrior,20.085011910139727
matched_only,equal,2010s,Innocent,2.5429481251529555
matched_only,equal,2010s,Jester/Trickster,6.770825663286833
matched_only,equal,2010s,Lover,2.506590838142644
matched_only,equal,2010s,Magician/Transformer,5.84026501555215
matched_only,equal,2010s,Rebel/Outlaw,8.61141992497998
matched_only,equal,2010s,Ruler/Leader,5.944391761262225
matched_only,equal,2010s,Sage/Investigator,8.485186906103063
matched_only,equal,2010s,Uncertain,5.4656313037658695
matched_only,equal,2020s,Caregiver/Guardian,2.947845733079823
matched_only,equal,2020s,Creator/Artist,5.744914683495087
matched_only,equal,2020s,Everyman/Orphan,12.56451296621343
matched_only,equal,2020s,Explorer/Seeker,15.978452980850761
matched_only,equal,2020s,Hero/Warrior,16.862375629556503
matched_only,equal,2020s,Innocent,2.982262209410401
matched_only,equal,2020s,Jester/Trickster,6.073943181859504
matched_only,equal,2020s,Lover,3.1766972663379747
matched_only,equal,2020s,Magician/Transformer,6.543174027069001
matched_only,equal,2020s,Rebel/Outlaw,8.229750605987457
matched_only,equal,2020s,Ruler/Leader,5.6248584982294885
matched_only,equal,2020s,Sage/Investigator,7.018495271322909
matched_only,equal,2020s,Uncertain,6.252716946587664
matched_only,log_cap_p99,1980s,Caregiver/Guardian,2.5047805233929408
matched_only,log_cap_p99,1980s,Everyman/Orphan,9.802176918287161
matched_only,log_cap_p99,1980s,Explorer/Seeker,40.59778224558046
matched_only,log_cap_p99,1980s,Hero/Warrior,24.53057269058543
matched_only,log_cap_p99,1980s,Innocent,2.6889608488103414
matched_only,log_cap_p99,1980s,Jester/Trickster,13.330097812382146
matched_only,log_cap_p99,1980s,Lover,9.687513752410814
matched_only,log_cap_p99,1980s,Magician/Transformer,20.418458348317348
matched_only,log_cap_p99,1980s,Rebel/Outlaw,14.102762834982212
matched_only,log_cap_p99,1980s,Ruler/Leader,6.392063223032591
matched_only,log_cap_p99,1980s,Sage/Investigator,10.55934217969267
matched_only,log_cap_p99,1980s,Uncertain,6.75210427161289
matched_only,log_cap_p99,1990s,Caregiver/Guardian,0.9847451338741674
matched_only,log_cap_p99,1990s,Creator/Artist,1.6368147726542666
matched_only,log_cap_p99,1990s,Everyman/Orphan,5.880663693905117
matched_only,log_cap_p99,1990s,Explorer/Seeker,22.259496381063613
matched_only,log_cap_p99,1990s,Hero/Warrior,24.883825008511955
matched_only,log_cap_p99,1990s,Innocent,3.4987037093450946
matched_only,log_cap_p99,1990s,Jester/Trickster,6.453832306947992
matched_only,log_cap_p99,1990s,Lover,2.6273683999435047
matched_only,log_cap_p99,1990s,Magician/Transformer,5.219323822692047
matched_only,log_cap_p99,1990s,Rebel/Outlaw,8.097959653986416
matched_only,log_cap_p99,1990s,Ruler/Leader,7.148213224751796
matched_only,log_cap_p99,1990s,Sage/Investigator,11.181638601453795
matched_only,log_cap_p99,1990s,Uncertain,4.495884648951852
matched_only,log_cap_p99,2000s,Caregiver/Guardian,1.3343989503500702
matched_only,log_cap_p99,2000s,Creator/Artist,2.1963226795468396
matched_only,log_cap_p99,2000s,Everyman/Orphan,5.902362433395261
matched_only,log_cap_p99,2000s,Explorer/Seeker,16.64341591368652
matched_only,log_cap_p99,2000s,Hero/Warrior,25.48091767639141
matched_only,log_cap_p99,2000s,Innocent,1.5245207380239776
matched_only,log_cap_p99,2000s,Jester/Trickster,4.723943107778059
matched_only,log_cap_p99,2000s,Lover,0.9017217701718069
matched_only,log_cap_p99,2000s,Magician/Transformer,4.632926930477774
matched_only,log_cap_p99,2000s,Rebel/Outlaw,10.735238864417179
matched_only,log_cap_p99,2000s,Ruler/Leader,9.875021762117587
matched_only,log_cap_p99,2000s,Sage/Investigator,10.844992127091007
matched_only,log_cap_p99,2000s,Uncertain,5.713721087442095
matched_only,log_cap_p99,2010s,Caregiver/Guardian,2.157429018283867
matched_only,log_cap_p99,2010s,Creator/Artist,4.4993300988204386
matched_only,log_cap_p99,2010s,Everyman/Orphan,10.41624795030508
matched_only,log_cap_p99,2010s,Explorer/Seeker,16.821819208682193
matched_only,log_cap_p99,2010s,Hero/Warrior,20.402546119421537
matched_only,log_cap_p99,2010s,Innocent,2.5674356143529717
matched_only,log_cap_p99,2010s,Jester/Trickster,6.751117243580256
matched_only,log_cap_p99,2010s,Lover,2.579379667415586
matched_only,log_cap_p99,2010s,Magician/Transformer,5.344572441672035
matched_only,log_cap_p99,2010s,Rebel/Outlaw,8.714035837018674
matched_only,log_cap_p99,2010s,Ruler/Leader,5.960875092131106
matched_only,log_cap_p99,2010s,Sage/Investigator,8.241479899737817
matched_only,log_cap_p99,2010s,Uncertain,5.5437318085784355
matched_only,log_cap_p99,2020s,Caregiver/Guardian,3.1068006051880404
matched_only,log_cap_p99,2020s,Creator/Artist,5.921673853397317
matched_only,log_cap_p99,2020s,Everyman/Orphan,12.50587284776337
matched_only,log_cap_p99,2020s,Explorer/Seeker,16.07436603977624
matched_only,log_cap_p99,2020s,Hero/Warrior,17.128890826123833
matched_only,log_cap_p99,2020s,Innocent,2.7725276271663453
matched_only,log_cap_p99,2020s,Jester/Trickster,5.919535345186969
matched_only,log_cap_p99,2020s,Lover,3.308696468286684
matched_only,log_cap_p99,2020s,Magician/Transformer,6.181124552181015
matched_only,log_cap_p99,2020s,Rebel/Outlaw,8.214692194705231
matched_only,log_cap_p99,2020s,Ruler/Leader,5.842657472601818
matched_only,log_cap_p99,2020s,Sage/Investigator,7.055311460429004
matched_only,log_cap_p99,2020s,Uncertain,5.967850707194131
matched_only,log_reviews,1980s,Caregiver/Guardian,2.5047805233929408
matched_only,log_reviews,1980s,Everyman/Orphan,9.802176918287161
matched_only,log_reviews,1980s,Explorer/Seeker,40.59778224558046
matched_only,log_reviews,1980s,Hero/Warrior,24.53057269058543
matched_only,log_reviews,1980s,Innocent,2.6889608488103414
matched_only,log_reviews,1980s,Jester/Trickster,13.330097812382146
matched_only,log_reviews,1980s,Lover,9.687513752410814
matched_only,log_reviews,1980s,Magician/Transformer,20.418458348317348
matched_only,log_reviews,1980s,Rebel/Outlaw,14.102762834982212
matched_only,log_reviews,1980s,Ruler/Leader,6.392063223032591
matched_only,log_reviews,1980s,Sage/Investigator,10.55934217969267
matched_only,log_reviews,1980s,Uncertain,6.75210427161289
matched_only,log_reviews,1990s,Caregiver/Guardian,0.983186968006715
matched_only,log_reviews,1990s,Creator/Artist,1.6362181671808849
matched_only,log_reviews,1990s,Everyman/Orphan,5.885433355816951
matched_only,log_reviews,1990s,Explorer/Seeker,22.25092778452484
matched_only,log_reviews,1990s,Hero/Warrior,24.88472877943986
matched_only,log_reviews,1990s,Innocent,3.497863653821797
matched_only,log_reviews,1990s,Jester/Trickster,6.4506763848321755
matched_only,log_reviews,1990s,Lover,2.6258766342468953
matched_only,log_reviews,1990s,Magician/Transformer,5.219163926201424
matched_only,log_reviews,1990s,Rebel/Outlaw,8.091001479489424
matched_only,log_reviews,1990s,Ruler/Leader,7.141630258730193
matched_only,log_reviews,1990s,Sage/Investigator,11.205181953709804
matched_only,log_reviews,1990s,Uncertain,4.493368814721297
matched_only,log_reviews,2000s,Caregiver/Guardian,1.339281298603455
matched_only,log_reviews,2000s,Creator/Artist,2.1909640030397126
matched_only,log_reviews,2000s,Everyman/Orphan,5.928456374655579
matched_only,log_reviews,2000s,Explorer/Seeker,16.60949022532716
matched_only,log_reviews,2000s,Hero/Warrior,25.48077033578577
matched_only,log_reviews,2000s,Innocent,1.521238945090214
matched_only,log_reviews,2000s,Jester/Trickster,4.728593801770823
matched_only,log_reviews,2000s,Lover,0.9050996334498395
matched_only,log_reviews,2000s,Magician/Transformer,4.62468168923516
matched_only,log_reviews,2000s,Rebel/Outlaw,10.772463128566823
matched_only,log_reviews,2000s,Ruler/Leader,9.859546430834035
matched_only,log_reviews,2000s,Sage/Investigator,10.836559481623015
matched_only,log_reviews,2000s,Uncertain,5.713344769593109
matched_only,log_reviews,2010s,Caregiver/Guardian,2.1677364606445666
matched_only,log_reviews,2010s,Creator/Artist,4.494327405600991
matched_only,log_reviews,2010s,Everyman/Orphan,10.443568851832907
matched_only,log_reviews,2010s,Explorer/Seeker,16.81563087577021
matched_only,log_reviews,2010s,Hero/Warrior,20.402731395326022
matched_only,log_reviews,2010s,Innocent,2.5665074505693046
matched_only,log_reviews,2010s,Jester/Trickster,6.738507496088758
matched_only,log_reviews,2010s,Lover,2.5750609249392697
matched_only,log_reviews,2010s,Magician/Transformer,5.337599638296096
matched_only,log_reviews,2010s,Rebel/Outlaw,8.735751082695655
matched_only,log_reviews,2010s,Ruler/Leader,5.951762997860176
matched_only,log_reviews,2010s,Sage/Investigator,8.22450002382854
matched_only,log_reviews,2010s,Uncertain,5.546315396547501
matched_only,log_reviews,2020s,Caregiver/Guardian,3.1089880304782933
matched_only,log_reviews,2020s,Creator/Artist,5.91871911576865
matched_only,log_reviews,2020s,Everyman/Orphan,12.508214315872197
matched_only,log_reviews,2020s,Explorer/Seeker,16.082068184318732
matched_only,log_reviews,2020s,Hero/Warrior,17.14183859938438
matched_only,log_reviews,2020s,Innocent,2.7717683040044605
matched_only,log_reviews,2020s,Jester/Trickster,5.913673316149343
matched_only,log_reviews,2020s,Lover,3.3073499317372455
matched_only,log_reviews,2020s,Magician/Transformer,6.178828333444184
matched_only,log_reviews,2020s,Rebel/Outlaw,8.215917875370023
matched_only,log_reviews,2020s,Ruler/Leader,5.838671611710853
matched_only,log_reviews,2020s,Sage/Investigator,7.048626215818199
matched_only,log_reviews,2020s,Uncertain,5.965336165943442
matched_only,raw_cap_p99,1980s,Caregiver/Guardian,0.6090271941247128
matched_only,raw_cap_p99,1980s,Everyman/Orphan,6.963210317101595
matched_only,raw_cap_p99,1980s,Explorer/Seeker,45.28581548243778
matched_only,raw_cap_p99,1980s,Hero/Warrior,21.559632211528765
matched_only,raw_cap_p99,1980s,Innocent,1.5679328438277202
matched_only,raw_cap_p99,1980s,Jester/Trickster,17.582541155052006
matched_only,raw_cap_p99,1980s,Lover,12.65284471118436
matched_only,raw_cap_p99,1980s,Magician/Transformer,18.388224250710657
matched_only,raw_cap_p99,1980s,Rebel/Outlaw,14.649841534020979
matched_only,raw_cap_p99,1980s,Ruler/Leader,2.65775696449488
matched_only,raw_cap_p99,1980s,Sage/Investigator,11.163914212695785
matched_only,raw_cap_p99,1980s,Uncertain,4.895663997475585
matched_only,raw_cap_p99,1990s,Caregiver/Guardian,0.2059754698973153
matched_only,raw_cap_p99,1990s,Creator/Artist,0.6791055978415808
matched_only,raw_cap_p99,1990s,Everyman/Orphan,7.2375944504001835
matched_only,raw_cap_p99,1990s,Explorer/Seeker,27.124352733784583
matched_only,raw_cap_p99,1990s,Hero/Warrior,24.457109411957767
matched_only,raw_cap_p99,1990s,Innocent,2.0989438592158143
matched_only,raw_cap_p99,1990s,Jester/Trickster,4.276068120623958
matched_only,raw_cap_p99,1990s,Lover,2.9849045142668094
matched_only,raw_cap_p99,1990s,Magician/Transformer,5.743283316587994
matched_only,raw_cap_p99,1990s,Rebel/Outlaw,6.4229527163311415
matched_only,raw_cap_p99,1990s,Ruler/Leader,3.2598052970573423
matched_only,raw_cap_p99,1990s,Sage/Investigator,13.572632121761817
matched_only,raw_cap_p99,1990s,Uncertain,4.853952406219403
matched_only,raw_cap_p99,2000s,Caregiver/Guardian,1.6484418078699634
matched_only,raw_cap_p99,2000s,Creator/Artist,1.3530322801872665
matched_only,raw_cap_p99,2000s,Everyman/Orphan,7.61843829054934
matched_only,raw_cap_p99,2000s,Explorer/Seeker,17.07867043715348
matched_only,raw_cap_p99,2000s,Hero/Warrior,25.443698810903317
matched_only,raw_cap_p99,2000s,Innocent,0.7111144810901356
matched_only,raw_cap_p99,2000s,Jester/Trickster,4.86065047495788
matched_only,raw_cap_p99,2000s,Lover,1.2966335172294594
matched_only,raw_cap_p99,2000s,Magician/Transformer,2.696790523112086
matched_only,raw_cap_p99,2000s,Rebel/Outlaw,15.704050251060938
matched_only,raw_cap_p99,2000s,Ruler/Leader,5.870074376493673
matched_only,raw_cap_p99,2000s,Sage/Investigator,8.535709347299493
matched_only,raw_cap_p99,2000s,Uncertain,7.71315856349892
matched_only,raw_cap_p99,2010s,Caregiver/Guardian,4.223168900037171
matched_only,raw_cap_p99,2010s,Creator/Artist,3.2797765724468055
matched_only,raw_cap_p99,2010s,Everyman/Orphan,12.353632913174156
matched_only,raw_cap_p99,2010s,Explorer/Seeker,14.865054901484465
matched_only,raw_cap_p99,2010s,Hero/Warrior,22.335922366417535
matched_only,raw_cap_p99,2010s,Innocent,3.1711420879576964
matched_only,raw_cap_p99,2010s,Jester/Trickster,4.8250287863037435
matched_only,raw_cap_p99,2010s,Lover,2.724305794922724
matched_only,raw_cap_p99,2010s,Magician/Transformer,3.232002945249384
matched_only,raw_cap_p99,2010s,Rebel/Outlaw,10.150248232314679
matched_only,raw_cap_p99,2010s,Ruler/Leader,4.837178796775937
matched_only,raw_cap_p99,2010s,Sage/Investigator,7.519632055052078
matched_only,raw_cap_p99,2010s,Uncertain,6.48290564786362
matched_only,raw_cap_p99,2020s,Caregiver/Guardian,4.442096007172646
matched_only,raw_cap_p99,2020s,Creator/Artist,5.566335293450787
matched_only,raw_cap_p99,2020s,Everyman/Orphan,12.496814638009724
matched_only,raw_cap_p99,2020s,Explorer/Seeker,17.171243581403157
matched_only,raw_cap_p99,2020s,Hero/Warrior,21.48789439702141
matched_only,raw_cap_p99,2020s,Innocent,2.548803547279948
matched_only,raw_cap_p99,2020s,Jester/Trickster,4.218247822316768
matched_only,raw_cap_p99,2020s,Lover,3.1591144245484784
matched_only,raw_cap_p99,2020s,Magician/Transformer,4.258408467582284
matched_only,raw_cap_p99,2020s,Rebel/Outlaw,8.421229154088733
matched_only,raw_cap_p99,2020s,Ruler/Leader,5.604858526250562
matched_only,raw_cap_p99,2020s,Sage/Investigator,5.399276147848429
matched_only,raw_cap_p99,2020s,Uncertain,5.225677993027076
matched_only,raw_reviews,1980s,Caregiver/Guardian,0.6090271941247128
matched_only,raw_reviews,1980s,Everyman/Orphan,6.963210317101595
matched_only,raw_reviews,1980s,Explorer/Seeker,45.28581548243778
matched_only,raw_reviews,1980s,Hero/Warrior,21.559632211528765
matched_only,raw_reviews,1980s,Innocent,1.5679328438277202
matched_only,raw_reviews,1980s,Jester/Trickster,17.582541155052006
matched_only,raw_reviews,1980s,Lover,12.65284471118436
matched_only,raw_reviews,1980s,Magician/Transformer,18.388224250710657
matched_only,raw_reviews,1980s,Rebel/Outlaw,14.649841534020979
matched_only,raw_reviews,1980s,Ruler/Leader,2.65775696449488
matched_only,raw_reviews,1980s,Sage/Investigator,11.163914212695785
matched_only,raw_reviews,1980s,Uncertain,4.895663997475585
matched_only,raw_reviews,1990s,Caregiver/Guardian,0.13863139847130804
matched_only,raw_reviews,1990s,Creator/Artist,0.6736779024842123
matched_only,raw_reviews,1990s,Everyman/Orphan,7.167105953943664
matched_only,raw_reviews,1990s,Explorer/Seeker,26.330476909769374
matched_only,raw_reviews,1990s,Hero/Warrior,24.592515103837606
matched_only,raw_reviews,1990s,Innocent,2.0856019132550783
matched_only,raw_reviews,1990s,Jester/Trickster,4.229434024896586
matched_only,raw_reviews,1990s,Lover,2.968716486230846
matched_only,raw_reviews,1990s,Magician/Transformer,5.742815949019908
matched_only,raw_reviews,1990s,Rebel/Outlaw,6.261518126206234
matched_only,raw_reviews,1990s,Ruler/Leader,3.075201854089933
matched_only,raw_reviews,1990s,Sage/Investigator,14.758957731022893
matched_only,raw_reviews,1990s,Uncertain,4.807975288150415
matched_only,raw_reviews,2000s,Caregiver/Guardian,2.3327554652756612
matched_only,raw_reviews,2000s,Creator/Artist,0.8538996185772648
matched_only,raw_reviews,2000s,Everyman/Orphan,11.694384898702678
matched_only,raw_reviews,2000s,Explorer/Seeker,13.971317005341268
matched_only,raw_reviews,2000s,Hero/Warrior,25.028021524696356
matched_only,raw_reviews,2000s,Innocent,0.5209678384347952
matched_only,raw_reviews,2000s,Jester/Trickster,5.082047120629911
matched_only,raw_reviews,2000s,Lover,0.9781130157902292
matched_only,raw_reviews,2000s,Magician/Transformer,2.2544376956043917
matched_only,raw_reviews,2000s,Rebel/Outlaw,17.545132711538063
matched_only,raw_reviews,2000s,Ruler/Leader,5.096093748244162
matched_only,raw_reviews,2000s,Sage/Investigator,8.17978798251514
matched_only,raw_reviews,2000s,Uncertain,7.07950055312771
matched_only,raw_reviews,2010s,Caregiver/Guardian,5.164424953251053
matched_only,raw_reviews,2010s,Creator/Artist,4.292389651161261
matched_only,raw_reviews,2010s,Everyman/Orphan,14.598016079365143
matched_only,raw_reviews,2010s,Explorer/Seeker,15.339843336817065
matched_only,raw_reviews,2010s,Hero/Warrior,22.420204840127514
matched_only,raw_reviews,2010s,Innocent,2.6383623768567968
matched_only,raw_reviews,2010s,Jester/Trickster,3.71490317481634
matched_only,raw_reviews,2010s,Lover,2.0293994408423837
matched_only,raw_reviews,2010s,Magician/Transformer,3.1073606632324022
matched_only,raw_reviews,2010s,Rebel/Outlaw,11.80016198797841
matched_only,raw_reviews,2010s,Ruler/Leader,3.576247483033265
matched_only,raw_reviews,2010s,Sage/Investigator,5.107813375512827
matched_only,raw_reviews,2010s,Uncertain,6.210872637005538
matched_only,raw_reviews,2020s,Caregiver/Guardian,4.00573960422016
matched_only,raw_reviews,2020s,Creator/Artist,4.605229144314335
matched_only,raw_reviews,2020s,Everyman/Orphan,11.914182791837655
matched_only,raw_reviews,2020s,Explorer/Seeker,20.12748914313855
matched_only,raw_reviews,2020s,Hero/Warrior,24.84361263090489
matched_only,raw_reviews,2020s,Innocent,1.9739149811540162
matched_only,raw_reviews,2020s,Jester/Trickster,3.3853121854677037
matched_only,raw_reviews,2020s,Lover,2.554213921020182
matched_only,raw_reviews,2020s,Magician/Transformer,5.035614026194464
matched_only,raw_reviews,2020s,Rebel/Outlaw,8.484869364868109
matched_only,raw_reviews,2020s,Ruler/Leader,4.3618441749647365
matched_only,raw_reviews,2020s,Sage/Investigator,4.313162204578469
matched_only,raw_reviews,2020s,Uncertain,4.3948158273367275
matched_only,sqrt_reviews,1980s,Caregiver/Guardian,1.6373098332486882
matched_only,sqrt_reviews,1980s,Everyman/Orphan,8.631616222046931
matched_only,sqrt_reviews,1980s,Explorer/Seeker,42.47818392568105
matched_only,sqrt_reviews,1980s,Hero/Warrior,22.772991335239013
matched_only,sqrt_reviews,1980s,Innocent,2.251947361763586
matched_only,sqrt_reviews,1980s,Jester/Trickster,15.757627597998953
matched_only,sqrt_reviews,1980s,Lover,11.107049301092644
matched_only,sqrt_reviews,1980s,Magician/Transformer,19.582505569709003
matched_only,sqrt_reviews,1980s,Rebel/Outlaw,14.479796260377503
matched_only,sqrt_reviews,1980s,Ruler/Leader,4.64398377286749
matched_only,sqrt_reviews,1980s,Sage/Investigator,10.793539693684945
matched_only,sqrt_reviews,1980s,Uncertain,6.116690945857541
matched_only,sqrt_reviews,1990s,Caregiver/Guardian,0.612111008024115
matched_only,sqrt_reviews,1990s,Creator/Artist,1.3514800278430799
matched_only,sqrt_reviews,1990s,Everyman/Orphan,6.58798076594862
matched_only,sqrt_reviews,1990s,Explorer/Seeker,24.053065784248457
matched_only,sqrt_reviews,1990s,Hero/Warrior,24.213991835276314
matched_only,sqrt_reviews,1990s,Innocent,3.2418976545252627
matched_only,sqrt_reviews,1990s,Jester/Trickster,5.712758984145924
matched_only,sqrt_reviews,1990s,Lover,2.7658597027267144
matched_only,sqrt_reviews,1990s,Magician/Transformer,5.184725866296337
matched_only,sqrt_reviews,1990s,Rebel/Outlaw,7.3020823747626595
matched_only,sqrt_reviews,1990s,Ruler/Leader,5.490469972618864
matched_only,sqrt_reviews,1990s,Sage/Investigator,12.700498188092933
matched_only,sqrt_reviews,1990s,Uncertain,4.57106925755145
matched_only,sqrt_reviews,2000s,Caregiver/Guardian,1.5353632217959066
matched_only,sqrt_reviews,2000s,Creator/Artist,1.8075427410739089
matched_only,sqrt_reviews,2000s,Everyman/Orphan,7.220923399986534
matched_only,sqrt_reviews,2000s,Explorer/Seeker,15.98178038886885
matched_only,sqrt_reviews,2000s,Hero/Warrior,25.79244418572182
matched_only,sqrt_reviews,2000s,Innocent,1.0733133869081988
matched_only,sqrt_reviews,2000s,Jester/Trickster,4.6549134567379244
matched_only,sqrt_reviews,2000s,Lover,1.045829178842809
matched_only,sqrt_reviews,2000s,Magician/Transformer,3.6378475085072806
matched_only,sqrt_reviews,2000s,Rebel/Outlaw,13.718304571900475
matched_only,sqrt_reviews,2000s,Ruler/Leader,7.943622403944585
matched_only,sqrt_reviews,2000s,Sage/Investigator,9.40381229425807
matched_only,sqrt_reviews,2000s,Uncertain,6.703290162387914
matched_only,sqrt_reviews,2010s,Caregiver/Guardian,3.188919416598183
matched_only,sqrt_reviews,2010s,Creator/Artist,4.091074317150891
matched_only,sqrt_reviews,2010s,Everyman/Orphan,11.86777592678796
matched_only,sqrt_reviews,2010s,Explorer/Seeker,15.977883723823819
matched_only,sqrt_reviews,2010s,Hero/Warrior,21.276196144475474
matched_only,sqrt_reviews,2010s,Innocent,2.7104027038519236
matched_only,sqrt_reviews,2010s,Jester/Trickster,5.841064613723531
matched_only,sqrt_reviews,2010s,Lover,2.5045202694610422
matched_only,sqrt_reviews,2010s,Magician/Transformer,4.15401112241218
matched_only,sqrt_reviews,2010s,Rebel/Outlaw,9.70491409120709
matched_only,sqrt_reviews,2010s,Ruler/Leader,5.373062546990814
matched_only,sqrt_reviews,2010s,Sage/Investigator,7.376312132606982
matched_only,sqrt_reviews,2010s,Uncertain,5.9338629909101055
matched_only,sqrt_reviews,2020s,Caregiver/Guardian,3.6286066095721883
matched_only,sqrt_reviews,2020s,Creator/Artist,5.963805674587957
matched_only,sqrt_reviews,2020s,Everyman/Orphan,12.36578650487022
matched_only,sqrt_reviews,2020s,Explorer/Seeker,16.841512595401138
matched_only,sqrt_reviews,2020s,Hero/Warrior,19.004336771139247
matched_only,sqrt_reviews,2020s,Innocent,2.445545141488372
matched_only,sqrt_reviews,2020s,Jester/Trickster,5.199471092926317
matched_only,sqrt_reviews,2020s,Lover,3.27025121051641
matched_only,sqrt_reviews,2020s,Magician/Transformer,5.210450743930539
matched_only,sqrt_reviews,2020s,Rebel/Outlaw,8.29346355276874
matched_only,sqrt_reviews,2020s,Ruler/Leader,5.893205341676954
matched_only,sqrt_reviews,2020s,Sage/Investigator,6.481739522094983
matched_only,sqrt_reviews,2020s,Uncertain,5.401825239026937
matched_only,tiered_reviews,1980s,Caregiver/Guardian,2.880584715703486
matched_only,tiered_reviews,1980s,Everyman/Orphan,9.88199859128264
matched_only,tiered_reviews,1980s,Explorer/Seeker,40.38550584664847
matched_only,tiered_reviews,1980s,Hero/Warrior,25.113329028167087
matched_only,tiered_reviews,1980s,Innocent,2.761384239430328
matched_only,tiered_reviews,1980s,Jester/Trickster,12.973818320184677
matched_only,tiered_reviews,1980s,Lover,9.164606308503876
matched_only,tiered_reviews,1980s,Magician/Transformer,20.352760333184435
matched_only,tiered_reviews,1980s,Rebel/Outlaw,13.702244061445361
matched_only,tiered_reviews,1980s,Ruler/Leader,7.483931328950944
matched_only,tiered_reviews,1980s,Sage/Investigator,10.211937566403073
matched_only,tiered_reviews,1980s,Uncertain,6.850250939380404
matched_only,tiered_reviews,1990s,Caregiver/Guardian,1.0499664299552383
matched_only,tiered_reviews,1990s,Creator/Artist,1.6389283951415201
matched_only,tiered_reviews,1990s,Everyman/Orphan,5.767427036063074
matched_only,tiered_reviews,1990s,Explorer/Seeker,22.401173851695454
matched_only,tiered_reviews,1990s,Hero/Warrior,25.242664001642645
matched_only,tiered_reviews,1990s,Innocent,3.3794724659687128
matched_only,tiered_reviews,1990s,Jester/Trickster,6.268415917990042
matched_only,tiered_reviews,1990s,Lover,2.3768386188332857
matched_only,tiered_reviews,1990s,Magician/Transformer,5.207828384220936
matched_only,tiered_reviews,1990s,Rebel/Outlaw,8.070494061082735
matched_only,tiered_reviews,1990s,Ruler/Leader,7.440482546045353
matched_only,tiered_reviews,1990s,Sage/Investigator,10.988462286604797
matched_only,tiered_reviews,1990s,Uncertain,4.493235552480547
matched_only,tiered_reviews,2000s,Caregiver/Guardian,1.363116840627242
matched_only,tiered_reviews,2000s,Creator/Artist,2.1544837747858914
matched_only,tiered_reviews,2000s,Everyman/Orphan,5.950811066347132
matched_only,tiered_reviews,2000s,Explorer/Seeker,16.597696835888637
matched_only,tiered_reviews,2000s,Hero/Warrior,25.36990616932921
matched_only,tiered_reviews,2000s,Innocent,1.6134554743968197
matched_only,tiered_reviews,2000s,Jester/Trickster,4.812314764545733
matched_only,tiered_reviews,2000s,Lover,0.9113542199674978
matched_only,tiered_reviews,2000s,Magician/Transformer,4.628002907225971
matched_only,tiered_reviews,2000s,Rebel/Outlaw,10.622407003505929
matched_only,tiered_reviews,2000s,Ruler/Leader,9.850187598416452
matched_only,tiered_reviews,2000s,Sage/Investigator,10.988372157905925
matched_only,tiered_reviews,2000s,Uncertain,5.662995524619433
matched_only,tiered_reviews,2010s,Caregiver/Guardian,2.1499329921754935
matched_only,tiered_reviews,2010s,Creator/Artist,4.509239048547566
matched_only,tiered_reviews,2010s,Everyman/Orphan,10.388200457288143
matched_only,tiered_reviews,2010s,Explorer/Seeker,16.841371648285286
matched_only,tiered_reviews,2010s,Hero/Warrior,20.34072181813001
matched_only,tiered_reviews,2010s,Innocent,2.559080074248861
matched_only,tiered_reviews,2010s,Jester/Trickster,6.755177243189633
matched_only,tiered_reviews,2010s,Lover,2.552283204567625
matched_only,tiered_reviews,2010s,Magician/Transformer,5.414973134646431
matched_only,tiered_reviews,2010s,Rebel/Outlaw,8.714002025409362
matched_only,tiered_reviews,2010s,Ruler/Leader,5.9921715455140845
matched_only,tiered_reviews,2010s,Sage/Investigator,8.258958130678671
matched_only,tiered_reviews,2010s,Uncertain,5.523888677318833
matched_only,tiered_reviews,2020s,Caregiver/Guardian,3.1028139051565264
matched_only,tiered_reviews,2020s,Creator/Artist,5.879728038036878
matched_only,tiered_reviews,2020s,Everyman/Orphan,12.52564129818392
matched_only,tiered_reviews,2020s,Explorer/Seeker,16.055164030117933
matched_only,tiered_reviews,2020s,Hero/Warrior,17.07809551618876
matched_only,tiered_reviews,2020s,Innocent,2.814789813947572
matched_only,tiered_reviews,2020s,Jester/Trickster,5.95119344785468
matched_only,tiered_reviews,2020s,Lover,3.2930798528985217
matched_only,tiered_reviews,2020s,Magician/Transformer,6.239175632455031
matched_only,tiered_reviews,2020s,Rebel/Outlaw,8.212786141400677
matched_only,tiered_reviews,2020s,Ruler/Leader,5.796921389383285
matched_only,tiered_reviews,2020s,Sage/Investigator,7.021001628665516
matched_only,tiered_reviews,2020s,Uncertain,6.0296093057107
