id,order,appid,game,character,protagonist_name,protagonist_role,protagonist_type,source_type,source_url,source_note,validation_status,known_status,internal_suggested_primary_archetype,internal_suggested_secondary_archetype,internal_suggested_archetype_confidence_0_1,internal_archetype_rationale,internal_archetype_source_url,total_ratings_pos_neg,bucket,batch,prompt,include_main_clean,exclude_reason,game_name,character_name,display_game,display_character,display_label,validation_prompt,name,title,description,game_included_for_display,needs_split_or_research,igdb_id,original_release_year,igdb_corpus_title,igdb_corpus_year
igdb90_1990_super-mario-world_mario,251,,Super Mario World,Mario,Mario,dinosaur-riding platform hero rescuing Princess Toadstool,fixed mascot platform protagonist,IGDB-derived second corpus + manual character-level curation,https://www.igdb.com/games/super-mario-world,Batch 09: 50 manually curated pre-2005 protagonists from the second IGDB-derived corpus. Suggested archetypes are pre-annotations only; final labels should come from validation.,not_validated,named_or_defined_protagonist,Hero,Explorer,0.90,Mario is framed as the active rescuer and agile traversal hero; secondary Explorer reflects level-to-level discovery.,https://www.igdb.com/games/super-mario-world,,igdb_pre2005_key_games,09_pre2005_50,Which archetypes best describe Mario in Super Mario World (1990)?,True,,Super Mario World,Mario,Super Mario World (1990),Mario,Mario — Super Mario World (1990),Which archetypes best describe Mario in Super Mario World (1990)?,Mario,Mario,Super Mario World (1990): dinosaur-riding platform hero rescuing Princess Toadstool,True,False,1070,1990,Super Mario World,1990
igdb90_1990_the-secret-of-monkey-island_guybrush-threepwood,252,,The Secret of Monkey Island,Guybrush Threepwood,Guybrush Threepwood,aspiring pirate and comic adventure protagonist,fixed comic adventure protagonist,IGDB-derived second corpus + manual character-level curation,https://www.igdb.com/games/the-secret-of-monkey-island,Batch 09: 50 manually curated pre-2005 protagonists from the second IGDB-derived corpus. Suggested archetypes are pre-annotations only; final labels should come from validation.,not_validated,named_or_defined_protagonist,Jester,Explorer,0.90,Guybrush is primarily a comic trickster/aspirant; the pirate-adventure structure adds Explorer.,https://www.igdb.com/games/the-secret-of-monkey-island,,igdb_pre2005_key_games,09_pre2005_50,Which archetypes best describe Guybrush Threepwood in The Secret of Monkey Island (1990)?,True,,The Secret of Monkey Island,Guybrush Threepwood,The Secret of Monkey Island (1990),Guybrush Threepwood,Guybrush Threepwood — The Secret of Monkey Island (1990),Which archetypes best describe Guybrush Threepwood in The Secret of Monkey Island (1990)?,Guybrush Threepwood,Guybrush Threepwood,The Secret of Monkey Island (1990): aspiring pirate and comic adventure protagonist,True,False,60,1990,The Secret of Monkey Island,1990
igdb90_1990_loom_bobbin-threadbare,253,,Loom,Bobbin Threadbare,Bobbin Threadbare,young weaver using magical drafts to alter the world,fixed adventure protagonist,IGDB-derived second corpus + manual character-level curation,https://www.igdb.com/games/loom,Batch 09: 50 manually curated pre-2005 protagonists from the second IGDB-derived corpus. Suggested archetypes are pre-annotations only; final labels should come from validation.,not_validated,named_or_defined_protagonist,Magician,Innocent,0.80,Bobbin’s defining verb is magical transformation through weaving; his sheltered origin supports Innocent.,https://www.igdb.com/games/loom,,igdb_pre2005_key_games,09_pre2005_50,Which archetypes best describe Bobbin Threadbare in Loom (1990)?,True,,Loom,Bobbin Threadbare,Loom (1990),Bobbin Threadbare,Bobbin Threadbare — Loom (1990),Which archetypes best describe Bobbin Threadbare in Loom (1990)?,Bobbin Threadbare,Bobbin Threadbare,Loom (1990): young weaver using magical drafts to alter the world,True,False,191,1990,Loom,1990
igdb90_1991_sonic-the-hedgehog_sonic-the-hedgehog,254,,Sonic the Hedgehog,Sonic the Hedgehog,Sonic the Hedgehog,speed-driven mascot hero resisting Dr. Robotnik,fixed mascot platform protagonist,IGDB-derived second corpus + manual character-level curation,https://www.igdb.com/games/sonic-the-hedgehog,Batch 09: 50 manually curated pre-2005 protagonists from the second IGDB-derived corpus. Suggested archetypes are pre-annotations only; final labels should come from validation.,not_validated,named_or_defined_protagonist,Explorer,Rebel,0.85,"Sonic is defined by freedom, speed, movement, and opposition to mechanized control.",https://www.igdb.com/games/sonic-the-hedgehog,,igdb_pre2005_key_games,09_pre2005_50,Which archetypes best describe Sonic the Hedgehog in Sonic the Hedgehog (1991)?,True,,Sonic the Hedgehog,Sonic the Hedgehog,Sonic the Hedgehog (1991),Sonic the Hedgehog,Sonic the Hedgehog — Sonic the Hedgehog (1991),Which archetypes best describe Sonic the Hedgehog in Sonic the Hedgehog (1991)?,Sonic the Hedgehog,Sonic the Hedgehog,Sonic the Hedgehog (1991): speed-driven mascot hero resisting Dr. Robotnik,True,False,3192,1991,Sonic the Hedgehog,1991
igdb90_1991_the-legend-of-zelda-a-link-to-the-past_link,255,,The Legend of Zelda: A Link to the Past,Link,Link,young hero drawn into a mythic rescue quest,silent/projective adventure protagonist,IGDB-derived second corpus + manual character-level curation,https://www.igdb.com/games/the-legend-of-zelda-a-link-to-the-past,Batch 09: 50 manually curated pre-2005 protagonists from the second IGDB-derived corpus. Suggested archetypes are pre-annotations only; final labels should come from validation.,not_validated,named_or_defined_protagonist,Hero,Innocent,0.90,Link is the mythic rescuer; the silent youthful framing preserves Innocent/projective qualities.,https://www.igdb.com/games/the-legend-of-zelda-a-link-to-the-past,,igdb_pre2005_key_games,09_pre2005_50,Which archetypes best describe Link in The Legend of Zelda: A Link to the Past (1991)?,True,,The Legend of Zelda: A Link to the Past,Link,The Legend of Zelda: A Link to the Past (1991),Link,Link — The Legend of Zelda: A Link to the Past (1991),Which archetypes best describe Link in The Legend of Zelda: A Link to the Past (1991)?,Link,Link,The Legend of Zelda: A Link to the Past (1991): young hero drawn into a mythic rescue quest,True,False,1026,1991,The Legend of Zelda: A Link to the Past,1991
igdb90_1992_wolfenstein-3d_b-j-blazkowicz,256,,Wolfenstein 3D,B. J. Blazkowicz,B. J. Blazkowicz,Allied spy escaping and fighting Nazi forces,fixed shooter protagonist,IGDB-derived second corpus + manual character-level curation,https://www.igdb.com/games/wolfenstein-3d--1,Batch 09: 50 manually curated pre-2005 protagonists from the second IGDB-derived corpus. Suggested archetypes are pre-annotations only; final labels should come from validation.,not_validated,named_or_defined_protagonist,Hero,Rebel,0.90,Blazkowicz is structurally a direct-action hero opposing an authoritarian enemy order.,https://www.igdb.com/games/wolfenstein-3d--1,,igdb_pre2005_key_games,09_pre2005_50,Which archetypes best describe B. J. Blazkowicz in Wolfenstein 3D (1992)?,True,,Wolfenstein 3D,B. J. Blazkowicz,Wolfenstein 3D (1992),B. J. Blazkowicz,B. J. Blazkowicz — Wolfenstein 3D (1992),Which archetypes best describe B. J. Blazkowicz in Wolfenstein 3D (1992)?,B. J. Blazkowicz,B. J. Blazkowicz,Wolfenstein 3D (1992): Allied spy escaping and fighting Nazi forces,True,False,262516,1992,Wolfenstein 3D,1992
igdb90_1992_alone-in-the-dark_edward-carnby-emily-hartwood,257,,Alone in the Dark,Edward Carnby / Emily Hartwood,Edward Carnby / Emily Hartwood,investigator/survivor trapped in a haunted mansion,choice of fixed survival-horror protagonists,IGDB-derived second corpus + manual character-level curation,https://www.igdb.com/games/alone-in-the-dark,Batch 09: 50 manually curated pre-2005 protagonists from the second IGDB-derived corpus. Suggested archetypes are pre-annotations only; final labels should come from validation.,not_validated,named_or_defined_protagonist,Sage,Everyman,0.75,The playable role is investigatory survival rather than power fantasy; two selectable protagonists complicate coding.,https://www.igdb.com/games/alone-in-the-dark,,igdb_pre2005_key_games,09_pre2005_50,Which archetypes best describe Edward Carnby / Emily Hartwood in Alone in the Dark (1992)?,True,,Alone in the Dark,Edward Carnby / Emily Hartwood,Alone in the Dark (1992),Edward Carnby / Emily Hartwood,Edward Carnby / Emily Hartwood — Alone in the Dark (1992),Which archetypes best describe Edward Carnby / Emily Hartwood in Alone in the Dark (1992)?,Edward Carnby / Emily Hartwood,Edward Carnby / Emily Hartwood,Alone in the Dark (1992): investigator/survivor trapped in a haunted mansion,True,False,1956,1992,Alone in the Dark,1992
igdb90_1992_indiana-jones-and-the-fate-of-atlantis_indiana-jones,258,,Indiana Jones and the Fate of Atlantis,Indiana Jones,Indiana Jones,archaeologist-adventurer pursuing Atlantis,fixed adventure protagonist,IGDB-derived second corpus + manual character-level curation,https://www.igdb.com/games/indiana-jones-and-the-fate-of-atlantis--1,Batch 09: 50 manually curated pre-2005 protagonists from the second IGDB-derived corpus. Suggested archetypes are pre-annotations only; final labels should come from validation.,not_validated,named_or_defined_protagonist,Explorer,Sage,0.90,Indy is a paradigmatic explorer whose action is anchored in archaeological knowledge.,https://www.igdb.com/games/indiana-jones-and-the-fate-of-atlantis--1,,igdb_pre2005_key_games,09_pre2005_50,Which archetypes best describe Indiana Jones in Indiana Jones and the Fate of Atlantis (1992)?,True,,Indiana Jones and the Fate of Atlantis,Indiana Jones,Indiana Jones and the Fate of Atlantis (1992),Indiana Jones,Indiana Jones — Indiana Jones and the Fate of Atlantis (1992),Which archetypes best describe Indiana Jones in Indiana Jones and the Fate of Atlantis (1992)?,Indiana Jones,Indiana Jones,Indiana Jones and the Fate of Atlantis (1992): archaeologist-adventurer pursuing Atlantis,True,False,184,1992,Indiana Jones and the Fate of Atlantis,1992
igdb90_1993_myst_the-stranger,259,,Myst,The Stranger,The Stranger,unnamed visitor solving the mystery of linked Ages,silent/projective puzzle protagonist,IGDB-derived second corpus + manual character-level curation,https://www.igdb.com/games/myst,Batch 09: 50 manually curated pre-2005 protagonists from the second IGDB-derived corpus. Suggested archetypes are pre-annotations only; final labels should come from validation.,not_validated,named_or_defined_protagonist,Sage,Explorer,0.80,"The Stranger is defined by investigation, reading, puzzle interpretation, and exploration of worlds.",https://www.igdb.com/games/myst,,igdb_pre2005_key_games,09_pre2005_50,Which archetypes best describe The Stranger in Myst (1993)?,True,,Myst,The Stranger,Myst (1993),The Stranger,The Stranger — Myst (1993),Which archetypes best describe The Stranger in Myst (1993)?,The Stranger,The Stranger,Myst (1993): unnamed visitor solving the mystery of linked Ages,True,False,236,1993,Myst,1993
igdb90_1993_doom_doomguy,260,,Doom,Doomguy,Doomguy,space marine fighting demons on Mars and Hell,fixed/silent shooter protagonist,IGDB-derived second corpus + manual character-level curation,https://www.igdb.com/games/doom,Batch 09: 50 manually curated pre-2005 protagonists from the second IGDB-derived corpus. Suggested archetypes are pre-annotations only; final labels should come from validation.,not_validated,named_or_defined_protagonist,Hero,Rebel,0.85,Doomguy is an iconic combat hero whose agency is expressed through direct violent resistance.,https://www.igdb.com/games/doom,,igdb_pre2005_key_games,09_pre2005_50,Which archetypes best describe Doomguy in Doom (1993)?,True,,Doom,Doomguy,Doom (1993),Doomguy,Doomguy — Doom (1993),Which archetypes best describe Doomguy in Doom (1993)?,Doomguy,Doomguy,Doom (1993): space marine fighting demons on Mars and Hell,True,False,673,1993,Doom,1993
igdb90_1993_sam-max-hit-the-road_sam-and-max,261,,Sam & Max Hit the Road,Sam and Max,Sam and Max,freelance police duo in a comic road adventure,duo comic adventure protagonists,IGDB-derived second corpus + manual character-level curation,https://www.igdb.com/games/sam-max-hit-the-road,Batch 09: 50 manually curated pre-2005 protagonists from the second IGDB-derived corpus. Suggested archetypes are pre-annotations only; final labels should come from validation.,not_validated,named_or_defined_protagonist,Jester,Sage,0.80,Their detective function is filtered through absurdist comedy and trickster logic.,https://www.igdb.com/games/sam-max-hit-the-road,,igdb_pre2005_key_games,09_pre2005_50,Which archetypes best describe Sam and Max in Sam & Max Hit the Road (1993)?,True,,Sam & Max Hit the Road,Sam and Max,Sam & Max Hit the Road (1993),Sam and Max,Sam and Max — Sam & Max Hit the Road (1993),Which archetypes best describe Sam and Max in Sam & Max Hit the Road (1993)?,Sam and Max,Sam and Max,Sam & Max Hit the Road (1993): freelance police duo in a comic road adventure,True,False,202,1993,Sam & Max Hit the Road,1993
igdb90_1994_super-metroid_samus-aran,262,,Super Metroid,Samus Aran,Samus Aran,bounty hunter exploring Zebes and confronting Mother Brain,fixed action-exploration protagonist,IGDB-derived second corpus + manual character-level curation,https://www.igdb.com/games/super-metroid,Batch 09: 50 manually curated pre-2005 protagonists from the second IGDB-derived corpus. Suggested archetypes are pre-annotations only; final labels should come from validation.,not_validated,named_or_defined_protagonist,Explorer,Hero,0.95,The game strongly fuses environmental exploration with heroic confrontation.,https://www.igdb.com/games/super-metroid,,igdb_pre2005_key_games,09_pre2005_50,Which archetypes best describe Samus Aran in Super Metroid (1994)?,True,,Super Metroid,Samus Aran,Super Metroid (1994),Samus Aran,Samus Aran — Super Metroid (1994),Which archetypes best describe Samus Aran in Super Metroid (1994)?,Samus Aran,Samus Aran,Super Metroid (1994): bounty hunter exploring Zebes and confronting Mother Brain,True,False,1103,1994,Super Metroid,1994
igdb90_1994_earthbound_ness,263,,EarthBound,Ness,Ness,ordinary child on a surreal world-saving journey,fixed party RPG protagonist,IGDB-derived second corpus + manual character-level curation,https://www.igdb.com/games/earthbound,Batch 09: 50 manually curated pre-2005 protagonists from the second IGDB-derived corpus. Suggested archetypes are pre-annotations only; final labels should come from validation.,not_validated,named_or_defined_protagonist,Innocent,Hero,0.85,"Ness is a childlike, ordinary protagonist placed into a cosmic heroic quest.",https://www.igdb.com/games/earthbound,,igdb_pre2005_key_games,09_pre2005_50,Which archetypes best describe Ness in EarthBound (1994)?,True,,EarthBound,Ness,EarthBound (1994),Ness,Ness — EarthBound (1994),Which archetypes best describe Ness in EarthBound (1994)?,Ness,Ness,EarthBound (1994): ordinary child on a surreal world-saving journey,True,False,2899,1994,EarthBound,1994
igdb90_1994_final-fantasy-vi_terra-branford,264,,Final Fantasy VI,Terra Branford,Terra Branford,enslaved magical woman seeking identity and resisting empire,ensemble RPG lead,IGDB-derived second corpus + manual character-level curation,https://www.igdb.com/games/final-fantasy-iii--7,Batch 09: 50 manually curated pre-2005 protagonists from the second IGDB-derived corpus. Suggested archetypes are pre-annotations only; final labels should come from validation. IGDB corpus row uses the North American SNES title Final Fantasy III; display title normalized to Final Fantasy VI.,not_validated,named_or_defined_protagonist,Magician,Rebel,0.80,Terra’s magical nature and transformation arc are central; resistance to imperial control adds Rebel.,https://www.igdb.com/games/final-fantasy-iii--7,,igdb_pre2005_key_games,09_pre2005_50,Which archetypes best describe Terra Branford in Final Fantasy VI (1994)?,True,,Final Fantasy VI,Terra Branford,Final Fantasy VI (1994),Terra Branford,Terra Branford — Final Fantasy VI (1994),Which archetypes best describe Terra Branford in Final Fantasy VI (1994)?,Terra Branford,Terra Branford,Final Fantasy VI (1994): enslaved magical woman seeking identity and resisting empire,True,False,426,1994,Final Fantasy III,1994
igdb90_1995_chrono-trigger_crono,265,,Chrono Trigger,Crono,Crono,silent young hero traveling through time to prevent apocalypse,silent/projective RPG protagonist,IGDB-derived second corpus + manual character-level curation,https://www.igdb.com/games/chrono-trigger,Batch 09: 50 manually curated pre-2005 protagonists from the second IGDB-derived corpus. Suggested archetypes are pre-annotations only; final labels should come from validation.,not_validated,named_or_defined_protagonist,Hero,Explorer,0.90,Crono’s function is heroic intervention across time; the time-travel structure adds Explorer.,https://www.igdb.com/games/chrono-trigger,,igdb_pre2005_key_games,09_pre2005_50,Which archetypes best describe Crono in Chrono Trigger (1995)?,True,,Chrono Trigger,Crono,Chrono Trigger (1995),Crono,Crono — Chrono Trigger (1995),Which archetypes best describe Crono in Chrono Trigger (1995)?,Crono,Crono,Chrono Trigger (1995): silent young hero traveling through time to prevent apocalypse,True,False,1802,1995,Chrono Trigger,1995
igdb90_1995_full-throttle_ben-throttle,266,,Full Throttle,Ben Throttle,Ben Throttle,biker leader framed for murder,fixed adventure protagonist,IGDB-derived second corpus + manual character-level curation,https://www.igdb.com/games/full-throttle,Batch 09: 50 manually curated pre-2005 protagonists from the second IGDB-derived corpus. Suggested archetypes are pre-annotations only; final labels should come from validation.,not_validated,named_or_defined_protagonist,Rebel,Ruler,0.85,"Ben is an outlaw biker and gang leader whose story concerns freedom, loyalty, and authority.",https://www.igdb.com/games/full-throttle,,igdb_pre2005_key_games,09_pre2005_50,Which archetypes best describe Ben Throttle in Full Throttle (1995)?,True,,Full Throttle,Ben Throttle,Full Throttle (1995),Ben Throttle,Ben Throttle — Full Throttle (1995),Which archetypes best describe Ben Throttle in Full Throttle (1995)?,Ben Throttle,Ben Throttle,Full Throttle (1995): biker leader framed for murder,True,False,180,1995,Full Throttle,1995
igdb90_1996_resident-evil_jill-valentine-chris-redfield,267,,Resident Evil,Jill Valentine / Chris Redfield,Jill Valentine / Chris Redfield,S.T.A.R.S. survivors investigating the Spencer Mansion,dual fixed survival-horror protagonists,IGDB-derived second corpus + manual character-level curation,https://www.igdb.com/games/resident-evil,Batch 09: 50 manually curated pre-2005 protagonists from the second IGDB-derived corpus. Suggested archetypes are pre-annotations only; final labels should come from validation.,not_validated,named_or_defined_protagonist,Hero,Sage,0.80,The protagonists combine trained action survival with investigation of a conspiracy/horror site.,https://www.igdb.com/games/resident-evil,,igdb_pre2005_key_games,09_pre2005_50,Which archetypes best describe Jill Valentine / Chris Redfield in Resident Evil (1996)?,True,,Resident Evil,Jill Valentine / Chris Redfield,Resident Evil (1996),Jill Valentine / Chris Redfield,Jill Valentine / Chris Redfield — Resident Evil (1996),Which archetypes best describe Jill Valentine / Chris Redfield in Resident Evil (1996)?,Jill Valentine / Chris Redfield,Jill Valentine / Chris Redfield,Resident Evil (1996): S.T.A.R.S. survivors investigating the Spencer Mansion,True,False,424,1996,Resident Evil,1996
igdb90_1996_tomb-raider_lara-croft,268,,Tomb Raider,Lara Croft,Lara Croft,archaeologist-adventurer raiding ancient tombs,fixed action-adventure protagonist,IGDB-derived second corpus + manual character-level curation,https://www.igdb.com/games/tomb-raider,Batch 09: 50 manually curated pre-2005 protagonists from the second IGDB-derived corpus. Suggested archetypes are pre-annotations only; final labels should come from validation.,not_validated,named_or_defined_protagonist,Explorer,Hero,0.95,"Lara is one of the clearest Explorer protagonists in 1990s games, with Hero as secondary action framing.",https://www.igdb.com/games/tomb-raider,,igdb_pre2005_key_games,09_pre2005_50,Which archetypes best describe Lara Croft in Tomb Raider (1996)?,True,,Tomb Raider,Lara Croft,Tomb Raider (1996),Lara Croft,Lara Croft — Tomb Raider (1996),Which archetypes best describe Lara Croft in Tomb Raider (1996)?,Lara Croft,Lara Croft,Tomb Raider (1996): archaeologist-adventurer raiding ancient tombs,True,False,912,1996,Tomb Raider,1996
igdb90_1996_crash-bandicoot_crash-bandicoot,269,,Crash Bandicoot,Crash Bandicoot,Crash Bandicoot,mutant bandicoot escaping and fighting Cortex,fixed mascot platform protagonist,IGDB-derived second corpus + manual character-level curation,https://www.igdb.com/games/crash-bandicoot,Batch 09: 50 manually curated pre-2005 protagonists from the second IGDB-derived corpus. Suggested archetypes are pre-annotations only; final labels should come from validation.,not_validated,named_or_defined_protagonist,Jester,Hero,0.80,Crash is primarily a slapstick mascot trickster with a simple heroic rescue/confrontation role.,https://www.igdb.com/games/crash-bandicoot,,igdb_pre2005_key_games,09_pre2005_50,Which archetypes best describe Crash Bandicoot in Crash Bandicoot (1996)?,True,,Crash Bandicoot,Crash Bandicoot,Crash Bandicoot (1996),Crash Bandicoot,Crash Bandicoot — Crash Bandicoot (1996),Which archetypes best describe Crash Bandicoot in Crash Bandicoot (1996)?,Crash Bandicoot,Crash Bandicoot,Crash Bandicoot (1996): mutant bandicoot escaping and fighting Cortex,True,False,1185,1996,Crash Bandicoot,1996
igdb90_1996_broken-sword-the-shadow-of-the-templars_george-stobbart,270,,Broken Sword: The Shadow of the Templars,George Stobbart,George Stobbart,tourist drawn into a conspiracy investigation,fixed adventure protagonist,IGDB-derived second corpus + manual character-level curation,https://www.igdb.com/games/circle-of-blood,Batch 09: 50 manually curated pre-2005 protagonists from the second IGDB-derived corpus. Suggested archetypes are pre-annotations only; final labels should come from validation. IGDB corpus row uses the North American title Circle of Blood; display title normalized to Broken Sword: The Shadow of the Templars.,not_validated,named_or_defined_protagonist,Sage,Everyman,0.85,George begins as an ordinary outsider but the gameplay centers on investigation and inference.,https://www.igdb.com/games/circle-of-blood,,igdb_pre2005_key_games,09_pre2005_50,Which archetypes best describe George Stobbart in Broken Sword: The Shadow of the Templars (1996)?,True,,Broken Sword: The Shadow of the Templars,George Stobbart,Broken Sword: The Shadow of the Templars (1996),George Stobbart,George Stobbart — Broken Sword: The Shadow of the Templars (1996),Which archetypes best describe George Stobbart in Broken Sword: The Shadow of the Templars (1996)?,George Stobbart,George Stobbart,Broken Sword: The Shadow of the Templars (1996): tourist drawn into a conspiracy investigation,True,False,616,1996,Circle of Blood,1996
igdb90_1997_fallout_the-vault-dweller,271,,Fallout,The Vault Dweller,The Vault Dweller,shelter dweller sent into the wasteland to save Vault 13,custom RPG protagonist,IGDB-derived second corpus + manual character-level curation,https://www.igdb.com/games/fallout-a-post-nuclear-role-playing-game,Batch 09: 50 manually curated pre-2005 protagonists from the second IGDB-derived corpus. Suggested archetypes are pre-annotations only; final labels should come from validation. Display title normalized to common short title Fallout.,not_validated,named_or_defined_protagonist,Explorer,Hero,0.85,The Vault Dweller enters an unknown wasteland on a survival/rescue mission.,https://www.igdb.com/games/fallout-a-post-nuclear-role-playing-game,,igdb_pre2005_key_games,09_pre2005_50,Which archetypes best describe The Vault Dweller in Fallout (1997)?,True,,Fallout,The Vault Dweller,Fallout (1997),The Vault Dweller,The Vault Dweller — Fallout (1997),Which archetypes best describe The Vault Dweller in Fallout (1997)?,The Vault Dweller,The Vault Dweller,Fallout (1997): shelter dweller sent into the wasteland to save Vault 13,True,False,13,1997,Fallout: A Post Nuclear Role Playing Game,1997
igdb90_1997_castlevania-symphony-of-the-night_alucard,272,,Castlevania: Symphony of the Night,Alucard,Alucard,dhampir entering Dracula’s castle to stop evil,fixed action-RPG protagonist,IGDB-derived second corpus + manual character-level curation,https://www.igdb.com/games/castlevania-symphony-of-the-night,Batch 09: 50 manually curated pre-2005 protagonists from the second IGDB-derived corpus. Suggested archetypes are pre-annotations only; final labels should come from validation.,not_validated,named_or_defined_protagonist,Hero,Magician,0.85,Alucard is a supernatural heroic figure whose powers and lineage add Magician resonance.,https://www.igdb.com/games/castlevania-symphony-of-the-night,,igdb_pre2005_key_games,09_pre2005_50,Which archetypes best describe Alucard in Castlevania: Symphony of the Night (1997)?,True,,Castlevania: Symphony of the Night,Alucard,Castlevania: Symphony of the Night (1997),Alucard,Alucard — Castlevania: Symphony of the Night (1997),Which archetypes best describe Alucard in Castlevania: Symphony of the Night (1997)?,Alucard,Alucard,Castlevania: Symphony of the Night (1997): dhampir entering Dracula’s castle to stop evil,True,False,1128,1997,Castlevania: Symphony of the Night,1997
igdb90_1997_oddworld-abe-s-oddysee_abe,273,,Oddworld: Abe's Oddysee,Abe,Abe,enslaved worker leading a liberation struggle,fixed cinematic platform protagonist,IGDB-derived second corpus + manual character-level curation,https://www.igdb.com/games/oddworld-abe-s-oddysee,Batch 09: 50 manually curated pre-2005 protagonists from the second IGDB-derived corpus. Suggested archetypes are pre-annotations only; final labels should come from validation.,not_validated,named_or_defined_protagonist,Rebel,Everyman,0.90,Abe is a paradigmatic reluctant everyman whose story turns into worker liberation.,https://www.igdb.com/games/oddworld-abe-s-oddysee,,igdb_pre2005_key_games,09_pre2005_50,Which archetypes best describe Abe in Oddworld: Abe's Oddysee (1997)?,True,,Oddworld: Abe's Oddysee,Abe,Oddworld: Abe's Oddysee (1997),Abe,Abe — Oddworld: Abe's Oddysee (1997),Which archetypes best describe Abe in Oddworld: Abe's Oddysee (1997)?,Abe,Abe,Oddworld: Abe's Oddysee (1997): enslaved worker leading a liberation struggle,True,False,999,1997,Oddworld: Abe's Oddysee,1997
igdb90_1998_metal-gear-solid_solid-snake,274,,Metal Gear Solid,Solid Snake,Solid Snake,infiltration operative confronting nuclear threat and identity legacy,fixed stealth-action protagonist,IGDB-derived second corpus + manual character-level curation,https://www.igdb.com/games/metal-gear-solid,Batch 09: 50 manually curated pre-2005 protagonists from the second IGDB-derived corpus. Suggested archetypes are pre-annotations only; final labels should come from validation.,not_validated,named_or_defined_protagonist,Hero,Sage,0.90,"Snake combines military heroism with investigation, deception, and political knowledge.",https://www.igdb.com/games/metal-gear-solid,,igdb_pre2005_key_games,09_pre2005_50,Which archetypes best describe Solid Snake in Metal Gear Solid (1998)?,True,,Metal Gear Solid,Solid Snake,Metal Gear Solid (1998),Solid Snake,Solid Snake — Metal Gear Solid (1998),Which archetypes best describe Solid Snake in Metal Gear Solid (1998)?,Solid Snake,Solid Snake,Metal Gear Solid (1998): infiltration operative confronting nuclear threat and identity legacy,True,False,375,1998,Metal Gear Solid,1998
igdb90_1998_the-legend-of-zelda-ocarina-of-time_link,275,,The Legend of Zelda: Ocarina of Time,Link,Link,silent hero moving between childhood and adulthood to stop Ganondorf,silent/projective adventure protagonist,IGDB-derived second corpus + manual character-level curation,https://www.igdb.com/games/the-legend-of-zelda-ocarina-of-time,Batch 09: 50 manually curated pre-2005 protagonists from the second IGDB-derived corpus. Suggested archetypes are pre-annotations only; final labels should come from validation.,not_validated,named_or_defined_protagonist,Hero,Innocent,0.90,Link is a mythic hero with a strong innocence-to-heroism temporal arc.,https://www.igdb.com/games/the-legend-of-zelda-ocarina-of-time,,igdb_pre2005_key_games,09_pre2005_50,Which archetypes best describe Link in The Legend of Zelda: Ocarina of Time (1998)?,True,,The Legend of Zelda: Ocarina of Time,Link,The Legend of Zelda: Ocarina of Time (1998),Link,Link — The Legend of Zelda: Ocarina of Time (1998),Which archetypes best describe Link in The Legend of Zelda: Ocarina of Time (1998)?,Link,Link,The Legend of Zelda: Ocarina of Time (1998): silent hero moving between childhood and adulthood to stop Ganondorf,True,False,1029,1998,The Legend of Zelda: Ocarina of Time,1998
igdb90_1998_baldur-s-gate_gorion-s-ward,276,,Baldur's Gate,Gorion's Ward,Gorion's Ward,custom protagonist uncovering divine lineage and political crisis,custom RPG protagonist,IGDB-derived second corpus + manual character-level curation,https://www.igdb.com/games/baldur-s-gate,Batch 09: 50 manually curated pre-2005 protagonists from the second IGDB-derived corpus. Suggested archetypes are pre-annotations only; final labels should come from validation.,not_validated,named_or_defined_protagonist,Explorer,Hero,0.75,"The protagonist is player-shaped, but the plot frames discovery of origin and heroic crisis response.",https://www.igdb.com/games/baldur-s-gate,,igdb_pre2005_key_games,09_pre2005_50,Which archetypes best describe Gorion's Ward in Baldur's Gate (1998)?,True,,Baldur's Gate,Gorion's Ward,Baldur's Gate (1998),Gorion's Ward,Gorion's Ward — Baldur's Gate (1998),Which archetypes best describe Gorion's Ward in Baldur's Gate (1998)?,Gorion's Ward,Gorion's Ward,Baldur's Gate (1998): custom protagonist uncovering divine lineage and political crisis,True,False,5,1998,Baldur's Gate,1998
igdb90_1998_resident-evil-2_leon-s-kennedy-claire-redfield,277,,Resident Evil 2,Leon S. Kennedy / Claire Redfield,Leon S. Kennedy / Claire Redfield,two survivors escaping Raccoon City and Umbrella horror,dual fixed survival-horror protagonists,IGDB-derived second corpus + manual character-level curation,https://www.igdb.com/games/resident-evil-2,Batch 09: 50 manually curated pre-2005 protagonists from the second IGDB-derived corpus. Suggested archetypes are pre-annotations only; final labels should come from validation.,not_validated,named_or_defined_protagonist,Hero,Caregiver,0.85,Leon and Claire are survival heroes; Claire’s protection of Sherry and Leon’s rescue framing add Caregiver.,https://www.igdb.com/games/resident-evil-2,,igdb_pre2005_key_games,09_pre2005_50,Which archetypes best describe Leon S. Kennedy / Claire Redfield in Resident Evil 2 (1998)?,True,,Resident Evil 2,Leon S. Kennedy / Claire Redfield,Resident Evil 2 (1998),Leon S. Kennedy / Claire Redfield,Leon S. Kennedy / Claire Redfield — Resident Evil 2 (1998),Which archetypes best describe Leon S. Kennedy / Claire Redfield in Resident Evil 2 (1998)?,Leon S. Kennedy / Claire Redfield,Leon S. Kennedy / Claire Redfield,Resident Evil 2 (1998): two survivors escaping Raccoon City and Umbrella horror,True,False,880,1998,Resident Evil 2,1998
igdb90_1999_silent-hill_harry-mason,278,,Silent Hill,Harry Mason,Harry Mason,father searching for his missing daughter in Silent Hill,fixed survival-horror protagonist,IGDB-derived second corpus + manual character-level curation,https://www.igdb.com/games/silent-hill,Batch 09: 50 manually curated pre-2005 protagonists from the second IGDB-derived corpus. Suggested archetypes are pre-annotations only; final labels should come from validation.,not_validated,named_or_defined_protagonist,Caregiver,Everyman,0.90,Harry is an ordinary father; the whole motivation is protective search for Cheryl.,https://www.igdb.com/games/silent-hill,,igdb_pre2005_key_games,09_pre2005_50,Which archetypes best describe Harry Mason in Silent Hill (1999)?,True,,Silent Hill,Harry Mason,Silent Hill (1999),Harry Mason,Harry Mason — Silent Hill (1999),Which archetypes best describe Harry Mason in Silent Hill (1999)?,Harry Mason,Harry Mason,Silent Hill (1999): father searching for his missing daughter in Silent Hill,True,False,480,1999,Silent Hill,1999
igdb90_1999_shenmue_ryo-hazuki,279,,Shenmue,Ryo Hazuki,Ryo Hazuki,young martial artist investigating his father’s murder,fixed adventure/action protagonist,IGDB-derived second corpus + manual character-level curation,https://www.igdb.com/games/shenmue,Batch 09: 50 manually curated pre-2005 protagonists from the second IGDB-derived corpus. Suggested archetypes are pre-annotations only; final labels should come from validation.,not_validated,named_or_defined_protagonist,Sage,Hero,0.85,"Ryo’s vengeance quest is structured as investigation, training, and confrontation.",https://www.igdb.com/games/shenmue,,igdb_pre2005_key_games,09_pre2005_50,Which archetypes best describe Ryo Hazuki in Shenmue (1999)?,True,,Shenmue,Ryo Hazuki,Shenmue (1999),Ryo Hazuki,Ryo Hazuki — Shenmue (1999),Which archetypes best describe Ryo Hazuki in Shenmue (1999)?,Ryo Hazuki,Ryo Hazuki,Shenmue (1999): young martial artist investigating his father’s murder,True,False,1217,1999,Shenmue,1999
igdb90_1999_legacy-of-kain-soul-reaver_raziel,280,,Legacy of Kain: Soul Reaver,Raziel,Raziel,betrayed vampire wraith seeking revenge and truth,fixed action-adventure protagonist,IGDB-derived second corpus + manual character-level curation,https://www.igdb.com/games/legacy-of-kain-soul-reaver,Batch 09: 50 manually curated pre-2005 protagonists from the second IGDB-derived corpus. Suggested archetypes are pre-annotations only; final labels should come from validation.,not_validated,named_or_defined_protagonist,Rebel,Magician,0.85,Raziel rebels against Kain and transforms between metaphysical states.,https://www.igdb.com/games/legacy-of-kain-soul-reaver,,igdb_pre2005_key_games,09_pre2005_50,Which archetypes best describe Raziel in Legacy of Kain: Soul Reaver (1999)?,True,,Legacy of Kain: Soul Reaver,Raziel,Legacy of Kain: Soul Reaver (1999),Raziel,Raziel — Legacy of Kain: Soul Reaver (1999),Which archetypes best describe Raziel in Legacy of Kain: Soul Reaver (1999)?,Raziel,Raziel,Legacy of Kain: Soul Reaver (1999): betrayed vampire wraith seeking revenge and truth,True,False,4122,1999,Legacy of Kain: Soul Reaver,1999
igdb90_2000_deus-ex_jc-denton,281,,Deus Ex,JC Denton,JC Denton,augmented agent uncovering global conspiracies,fixed/choice-shaped immersive sim protagonist,IGDB-derived second corpus + manual character-level curation,https://www.igdb.com/games/deus-ex,Batch 09: 50 manually curated pre-2005 protagonists from the second IGDB-derived corpus. Suggested archetypes are pre-annotations only; final labels should come from validation.,not_validated,named_or_defined_protagonist,Sage,Magician,0.90,JC is a conspiratorial investigator whose augmentation gives him transformative/systemic power.,https://www.igdb.com/games/deus-ex,,igdb_pre2005_key_games,09_pre2005_50,Which archetypes best describe JC Denton in Deus Ex (2000)?,True,,Deus Ex,JC Denton,Deus Ex (2000),JC Denton,JC Denton — Deus Ex (2000),Which archetypes best describe JC Denton in Deus Ex (2000)?,JC Denton,JC Denton,Deus Ex (2000): augmented agent uncovering global conspiracies,True,False,41,2000,Deus Ex,2000
igdb90_2001_max-payne_max-payne,282,,Max Payne,Max Payne,Max Payne,detective seeking revenge after the murder of his family,fixed noir action protagonist,IGDB-derived second corpus + manual character-level curation,https://www.igdb.com/games/max-payne,Batch 09: 50 manually curated pre-2005 protagonists from the second IGDB-derived corpus. Suggested archetypes are pre-annotations only; final labels should come from validation.,not_validated,named_or_defined_protagonist,Hero,Rebel,0.85,Max is a damaged noir hero defined by violent pursuit and resistance to a criminal conspiracy.,https://www.igdb.com/games/max-payne,,igdb_pre2005_key_games,09_pre2005_50,Which archetypes best describe Max Payne in Max Payne (2001)?,True,,Max Payne,Max Payne,Max Payne (2001),Max Payne,Max Payne — Max Payne (2001),Which archetypes best describe Max Payne in Max Payne (2001)?,Max Payne,Max Payne,Max Payne (2001): detective seeking revenge after the murder of his family,True,False,18,2001,Max Payne,2001
igdb90_2001_silent-hill-2_james-sunderland,283,,Silent Hill 2,James Sunderland,James Sunderland,widower drawn to Silent Hill by a letter from his dead wife,fixed psychological-horror protagonist,IGDB-derived second corpus + manual character-level curation,https://www.igdb.com/games/silent-hill-2,Batch 09: 50 manually curated pre-2005 protagonists from the second IGDB-derived corpus. Suggested archetypes are pre-annotations only; final labels should come from validation.,not_validated,named_or_defined_protagonist,Everyman,Lover,0.85,James is ordinary and psychologically burdened; the call is centered on his lost wife and intimate guilt.,https://www.igdb.com/games/silent-hill-2,,igdb_pre2005_key_games,09_pre2005_50,Which archetypes best describe James Sunderland in Silent Hill 2 (2001)?,True,,Silent Hill 2,James Sunderland,Silent Hill 2 (2001),James Sunderland,James Sunderland — Silent Hill 2 (2001),Which archetypes best describe James Sunderland in Silent Hill 2 (2001)?,James Sunderland,James Sunderland,Silent Hill 2 (2001): widower drawn to Silent Hill by a letter from his dead wife,True,False,481,2001,Silent Hill 2,2001
igdb90_2001_halo-combat-evolved_master-chief,284,,Halo: Combat Evolved,Master Chief,Master Chief,super-soldier fighting the Covenant and Flood,fixed shooter protagonist,IGDB-derived second corpus + manual character-level curation,https://www.igdb.com/games/halo-combat-evolved,Batch 09: 50 manually curated pre-2005 protagonists from the second IGDB-derived corpus. Suggested archetypes are pre-annotations only; final labels should come from validation.,not_validated,named_or_defined_protagonist,Hero,Ruler,0.85,Master Chief is a combat hero with disciplined command/soldier framing.,https://www.igdb.com/games/halo-combat-evolved,,igdb_pre2005_key_games,09_pre2005_50,Which archetypes best describe Master Chief in Halo: Combat Evolved (2001)?,True,,Halo: Combat Evolved,Master Chief,Halo: Combat Evolved (2001),Master Chief,Master Chief — Halo: Combat Evolved (2001),Which archetypes best describe Master Chief in Halo: Combat Evolved (2001)?,Master Chief,Master Chief,Halo: Combat Evolved (2001): super-soldier fighting the Covenant and Flood,True,False,740,2001,Halo: Combat Evolved,2001
igdb90_2001_ico_ico,285,,Ico,Ico,Ico,outcast boy helping Yorda escape a castle,fixed puzzle-adventure protagonist,IGDB-derived second corpus + manual character-level curation,https://www.igdb.com/games/ico,Batch 09: 50 manually curated pre-2005 protagonists from the second IGDB-derived corpus. Suggested archetypes are pre-annotations only; final labels should come from validation.,not_validated,named_or_defined_protagonist,Caregiver,Innocent,0.90,Ico is defined by protective attachment and vulnerable escape rather than domination.,https://www.igdb.com/games/ico,,igdb_pre2005_key_games,09_pre2005_50,Which archetypes best describe Ico in Ico (2001)?,True,,Ico,Ico,Ico (2001),Ico,Ico — Ico (2001),Which archetypes best describe Ico in Ico (2001)?,Ico,Ico,Ico (2001): outcast boy helping Yorda escape a castle,True,False,7170,2001,Ico,2001
igdb90_2001_devil-may-cry_dante,286,,Devil May Cry,Dante,Dante,demon hunter confronting demonic forces and family legacy,fixed action protagonist,IGDB-derived second corpus + manual character-level curation,https://www.igdb.com/games/devil-may-cry,Batch 09: 50 manually curated pre-2005 protagonists from the second IGDB-derived corpus. Suggested archetypes are pre-annotations only; final labels should come from validation.,not_validated,named_or_defined_protagonist,Hero,Jester,0.80,"Dante is an action hero with flamboyant, taunting, performative trickster energy.",https://www.igdb.com/games/devil-may-cry,,igdb_pre2005_key_games,09_pre2005_50,Which archetypes best describe Dante in Devil May Cry (2001)?,True,,Devil May Cry,Dante,Devil May Cry (2001),Dante,Dante — Devil May Cry (2001),Which archetypes best describe Dante in Devil May Cry (2001)?,Dante,Dante,Devil May Cry (2001): demon hunter confronting demonic forces and family legacy,True,False,134,2001,Devil May Cry,2001
igdb90_2001_gothic_nameless-hero,287,,Gothic,Nameless Hero,Nameless Hero,convict thrown into a penal colony and rising through factions,fixed/choice-shaped RPG protagonist,IGDB-derived second corpus + manual character-level curation,https://www.igdb.com/games/gothic,Batch 09: 50 manually curated pre-2005 protagonists from the second IGDB-derived corpus. Suggested archetypes are pre-annotations only; final labels should come from validation.,not_validated,named_or_defined_protagonist,Everyman,Rebel,0.80,He begins as an ordinary prisoner and advances through opposition to oppressive structures.,https://www.igdb.com/games/gothic,,igdb_pre2005_key_games,09_pre2005_50,Which archetypes best describe Nameless Hero in Gothic (2001)?,True,,Gothic,Nameless Hero,Gothic (2001),Nameless Hero,Nameless Hero — Gothic (2001),Which archetypes best describe Nameless Hero in Gothic (2001)?,Nameless Hero,Nameless Hero,Gothic (2001): convict thrown into a penal colony and rising through factions,True,False,2261,2001,Gothic,2001
igdb90_2002_kingdom-hearts_sora,288,,Kingdom Hearts,Sora,Sora,boy traveling worlds to rescue friends and restore hearts,fixed action-RPG protagonist,IGDB-derived second corpus + manual character-level curation,https://www.igdb.com/games/kingdom-hearts,Batch 09: 50 manually curated pre-2005 protagonists from the second IGDB-derived corpus. Suggested archetypes are pre-annotations only; final labels should come from validation.,not_validated,named_or_defined_protagonist,Innocent,Hero,0.90,"Sora is strongly coded by optimism, friendship, and childlike heroic rescue.",https://www.igdb.com/games/kingdom-hearts,,igdb_pre2005_key_games,09_pre2005_50,Which archetypes best describe Sora in Kingdom Hearts (2002)?,True,,Kingdom Hearts,Sora,Kingdom Hearts (2002),Sora,Sora — Kingdom Hearts (2002),Which archetypes best describe Sora in Kingdom Hearts (2002)?,Sora,Sora,Kingdom Hearts (2002): boy traveling worlds to rescue friends and restore hearts,True,False,1219,2002,Kingdom Hearts,2002
igdb90_2002_mafia_tommy-angelo,289,,Mafia,Tommy Angelo,Tommy Angelo,taxi driver drawn into organized crime,fixed crime protagonist,IGDB-derived second corpus + manual character-level curation,https://www.igdb.com/games/mafia,Batch 09: 50 manually curated pre-2005 protagonists from the second IGDB-derived corpus. Suggested archetypes are pre-annotations only; final labels should come from validation.,not_validated,named_or_defined_protagonist,Everyman,Rebel,0.85,Tommy begins as an ordinary worker and becomes entangled in outlaw/criminal structures.,https://www.igdb.com/games/mafia,,igdb_pre2005_key_games,09_pre2005_50,Which archetypes best describe Tommy Angelo in Mafia (2002)?,True,,Mafia,Tommy Angelo,Mafia (2002),Tommy Angelo,Tommy Angelo — Mafia (2002),Which archetypes best describe Tommy Angelo in Mafia (2002)?,Tommy Angelo,Tommy Angelo,Mafia (2002): taxi driver drawn into organized crime,True,False,39,2002,Mafia,2002
igdb90_2002_metroid-prime_samus-aran,290,,Metroid Prime,Samus Aran,Samus Aran,bounty hunter investigating Tallon IV,fixed first-person action-exploration protagonist,IGDB-derived second corpus + manual character-level curation,https://www.igdb.com/games/metroid-prime,Batch 09: 50 manually curated pre-2005 protagonists from the second IGDB-derived corpus. Suggested archetypes are pre-annotations only; final labels should come from validation.,not_validated,named_or_defined_protagonist,Explorer,Sage,0.90,"This entry emphasizes scanning, investigation, and spatial exploration.",https://www.igdb.com/games/metroid-prime,,igdb_pre2005_key_games,09_pre2005_50,Which archetypes best describe Samus Aran in Metroid Prime (2002)?,True,,Metroid Prime,Samus Aran,Metroid Prime (2002),Samus Aran,Samus Aran — Metroid Prime (2002),Which archetypes best describe Samus Aran in Metroid Prime (2002)?,Samus Aran,Samus Aran,Metroid Prime (2002): bounty hunter investigating Tallon IV,True,False,1105,2002,Metroid Prime,2002
igdb90_2003_prince-of-persia-the-sands-of-time_the-prince,291,,Prince of Persia: The Sands of Time,The Prince,The Prince,prince trying to undo catastrophe caused by the Sands,fixed action-adventure protagonist,IGDB-derived second corpus + manual character-level curation,https://www.igdb.com/games/prince-of-persia-the-sands-of-time,Batch 09: 50 manually curated pre-2005 protagonists from the second IGDB-derived corpus. Suggested archetypes are pre-annotations only; final labels should come from validation.,not_validated,named_or_defined_protagonist,Hero,Lover,0.85,The Prince’s arc combines heroic repair with relational narration and attachment to Farah.,https://www.igdb.com/games/prince-of-persia-the-sands-of-time,,igdb_pre2005_key_games,09_pre2005_50,Which archetypes best describe The Prince in Prince of Persia: The Sands of Time (2003)?,True,,Prince of Persia: The Sands of Time,The Prince,Prince of Persia: The Sands of Time (2003),The Prince,The Prince — Prince of Persia: The Sands of Time (2003),Which archetypes best describe The Prince in Prince of Persia: The Sands of Time (2003)?,The Prince,The Prince,Prince of Persia: The Sands of Time (2003): prince trying to undo catastrophe caused by the Sands,True,False,836,2003,Prince of Persia: The Sands of Time,2003
igdb90_2003_beyond-good-evil_jade,292,,Beyond Good & Evil,Jade,Jade,photojournalist exposing alien conspiracy and protecting orphans,fixed action-adventure protagonist,IGDB-derived second corpus + manual character-level curation,https://www.igdb.com/games/beyond-good-evil,Batch 09: 50 manually curated pre-2005 protagonists from the second IGDB-derived corpus. Suggested archetypes are pre-annotations only; final labels should come from validation.,not_validated,named_or_defined_protagonist,Sage,Caregiver,0.90,Jade is an investigator/journalist whose motivation is also protective care.,https://www.igdb.com/games/beyond-good-evil,,igdb_pre2005_key_games,09_pre2005_50,Which archetypes best describe Jade in Beyond Good & Evil (2003)?,True,,Beyond Good & Evil,Jade,Beyond Good & Evil (2003),Jade,Jade — Beyond Good & Evil (2003),Which archetypes best describe Jade in Beyond Good & Evil (2003)?,Jade,Jade,Beyond Good & Evil (2003): photojournalist exposing alien conspiracy and protecting orphans,True,False,1341,2003,Beyond Good & Evil,2003
igdb90_2003_star-wars-knights-of-the-old-republic_revan,293,,Star Wars: Knights of the Old Republic,Revan,Revan,amnesiac Force user whose identity is player-shaped,choice-shaped RPG protagonist,IGDB-derived second corpus + manual character-level curation,https://www.igdb.com/games/star-wars-knights-of-the-old-republic,Batch 09: 50 manually curated pre-2005 protagonists from the second IGDB-derived corpus. Suggested archetypes are pre-annotations only; final labels should come from validation.,not_validated,named_or_defined_protagonist,Magician,Hero,0.85,Force power and identity transformation define the role; alignment choice shapes the heroic/rebel valence.,https://www.igdb.com/games/star-wars-knights-of-the-old-republic,,igdb_pre2005_key_games,09_pre2005_50,Which archetypes best describe Revan in Star Wars: Knights of the Old Republic (2003)?,True,,Star Wars: Knights of the Old Republic,Revan,Star Wars: Knights of the Old Republic (2003),Revan,Revan — Star Wars: Knights of the Old Republic (2003),Which archetypes best describe Revan in Star Wars: Knights of the Old Republic (2003)?,Revan,Revan,Star Wars: Knights of the Old Republic (2003): amnesiac Force user whose identity is player-shaped,True,False,116,2003,Star Wars: Knights of the Old Republic,2003
igdb90_2004_grand-theft-auto-san-andreas_carl-cj-johnson,294,,Grand Theft Auto: San Andreas,Carl “CJ” Johnson,Carl “CJ” Johnson,gang member returning home and rebuilding family power,fixed open-world crime protagonist,IGDB-derived second corpus + manual character-level curation,https://www.igdb.com/games/grand-theft-auto-san-andreas,Batch 09: 50 manually curated pre-2005 protagonists from the second IGDB-derived corpus. Suggested archetypes are pre-annotations only; final labels should come from validation.,not_validated,named_or_defined_protagonist,Rebel,Ruler,0.80,"CJ operates as outlaw/rebel while also rebuilding command, territory, and family order.",https://www.igdb.com/games/grand-theft-auto-san-andreas,,igdb_pre2005_key_games,09_pre2005_50,Which archetypes best describe Carl “CJ” Johnson in Grand Theft Auto: San Andreas (2004)?,True,,Grand Theft Auto: San Andreas,Carl “CJ” Johnson,Grand Theft Auto: San Andreas (2004),Carl “CJ” Johnson,Carl “CJ” Johnson — Grand Theft Auto: San Andreas (2004),Which archetypes best describe Carl “CJ” Johnson in Grand Theft Auto: San Andreas (2004)?,Carl “CJ” Johnson,Carl “CJ” Johnson,Grand Theft Auto: San Andreas (2004): gang member returning home and rebuilding family power,True,False,732,2004,Grand Theft Auto: San Andreas,2004
igdb90_2004_metal-gear-solid-3-snake-eater_naked-snake,295,,Metal Gear Solid 3: Snake Eater,Naked Snake,Naked Snake,special operative whose mission forms the origin of Big Boss,fixed stealth-action protagonist,IGDB-derived second corpus + manual character-level curation,https://www.igdb.com/games/metal-gear-solid-3-snake-eater,Batch 09: 50 manually curated pre-2005 protagonists from the second IGDB-derived corpus. Suggested archetypes are pre-annotations only; final labels should come from validation.,not_validated,named_or_defined_protagonist,Hero,Sage,0.90,"Naked Snake is a soldier-hero moving through espionage, betrayal, and ideological knowledge.",https://www.igdb.com/games/metal-gear-solid-3-snake-eater,,igdb_pre2005_key_games,09_pre2005_50,Which archetypes best describe Naked Snake in Metal Gear Solid 3: Snake Eater (2004)?,True,,Metal Gear Solid 3: Snake Eater,Naked Snake,Metal Gear Solid 3: Snake Eater (2004),Naked Snake,Naked Snake — Metal Gear Solid 3: Snake Eater (2004),Which archetypes best describe Naked Snake in Metal Gear Solid 3: Snake Eater (2004)?,Naked Snake,Naked Snake,Metal Gear Solid 3: Snake Eater (2004): special operative whose mission forms the origin of Big Boss,True,False,379,2004,Metal Gear Solid 3: Snake Eater,2004
igdb90_2004_vampire-the-masquerade-bloodlines_the-fledgling,296,,Vampire: The Masquerade - Bloodlines,The Fledgling,The Fledgling,newly embraced vampire navigating sect politics,custom RPG protagonist,IGDB-derived second corpus + manual character-level curation,https://www.igdb.com/games/vampire-the-masquerade-bloodlines,Batch 09: 50 manually curated pre-2005 protagonists from the second IGDB-derived corpus. Suggested archetypes are pre-annotations only; final labels should come from validation.,not_validated,named_or_defined_protagonist,Magician,Rebel,0.80,The protagonist is transformed into a supernatural being and placed against vampire power structures.,https://www.igdb.com/games/vampire-the-masquerade-bloodlines,,igdb_pre2005_key_games,09_pre2005_50,Which archetypes best describe The Fledgling in Vampire: The Masquerade - Bloodlines (2004)?,True,,Vampire: The Masquerade - Bloodlines,The Fledgling,Vampire: The Masquerade - Bloodlines (2004),The Fledgling,The Fledgling — Vampire: The Masquerade - Bloodlines (2004),Which archetypes best describe The Fledgling in Vampire: The Masquerade - Bloodlines (2004)?,The Fledgling,The Fledgling,Vampire: The Masquerade - Bloodlines (2004): newly embraced vampire navigating sect politics,True,False,11,2004,Vampire: The Masquerade - Bloodlines,2004
igdb90_2005_god-of-war_kratos,297,,God of War,Kratos,Kratos,Spartan warrior seeking revenge against Ares,fixed action protagonist,IGDB-derived second corpus + manual character-level curation,https://www.igdb.com/games/god-of-war,Batch 09: 50 manually curated pre-2005 protagonists from the second IGDB-derived corpus. Suggested archetypes are pre-annotations only; final labels should come from validation.,not_validated,named_or_defined_protagonist,Rebel,Hero,0.90,"Kratos is an anti-authority vengeance figure, with Hero as martial confrontation rather than morality.",https://www.igdb.com/games/god-of-war,,igdb_pre2005_key_games,09_pre2005_50,Which archetypes best describe Kratos in God of War (2005)?,True,,God of War,Kratos,God of War (2005),Kratos,Kratos — God of War (2005),Which archetypes best describe Kratos in God of War (2005)?,Kratos,Kratos,God of War (2005): Spartan warrior seeking revenge against Ares,True,False,549,2005,God of War,2005
igdb90_2005_resident-evil-4_leon-s-kennedy,298,,Resident Evil 4,Leon S. Kennedy,Leon S. Kennedy,agent rescuing the president’s daughter from a cult,fixed survival-action protagonist,IGDB-derived second corpus + manual character-level curation,https://www.igdb.com/games/resident-evil-4,Batch 09: 50 manually curated pre-2005 protagonists from the second IGDB-derived corpus. Suggested archetypes are pre-annotations only; final labels should come from validation.,not_validated,named_or_defined_protagonist,Hero,Caregiver,0.90,Leon is an action rescuer; Ashley’s protection drives much of the scenario.,https://www.igdb.com/games/resident-evil-4,,igdb_pre2005_key_games,09_pre2005_50,Which archetypes best describe Leon S. Kennedy in Resident Evil 4 (2005)?,True,,Resident Evil 4,Leon S. Kennedy,Resident Evil 4 (2005),Leon S. Kennedy,Leon S. Kennedy — Resident Evil 4 (2005),Which archetypes best describe Leon S. Kennedy in Resident Evil 4 (2005)?,Leon S. Kennedy,Leon S. Kennedy,Resident Evil 4 (2005): agent rescuing the president’s daughter from a cult,True,False,974,2005,Resident Evil 4,2005
igdb90_2005_shadow-of-the-colossus_wander,299,,Shadow of the Colossus,Wander,Wander,young man slaying colossi to resurrect Mono,fixed action-adventure protagonist,IGDB-derived second corpus + manual character-level curation,https://www.igdb.com/games/shadow-of-the-colossus,Batch 09: 50 manually curated pre-2005 protagonists from the second IGDB-derived corpus. Suggested archetypes are pre-annotations only; final labels should come from validation.,not_validated,named_or_defined_protagonist,Lover,Hero,0.90,"Wander’s heroic violence is motivated by devotion/love, making Lover the primary frame.",https://www.igdb.com/games/shadow-of-the-colossus,,igdb_pre2005_key_games,09_pre2005_50,Which archetypes best describe Wander in Shadow of the Colossus (2005)?,True,,Shadow of the Colossus,Wander,Shadow of the Colossus (2005),Wander,Wander — Shadow of the Colossus (2005),Which archetypes best describe Wander in Shadow of the Colossus (2005)?,Wander,Wander,Shadow of the Colossus (2005): young man slaying colossi to resurrect Mono,True,False,2207,2005,Shadow of the Colossus,2005
igdb90_2005_psychonauts_razputin-aquato,300,,Psychonauts,Razputin Aquato,Razputin Aquato,psychic child entering minds at a summer camp,fixed platform-adventure protagonist,IGDB-derived second corpus + manual character-level curation,https://www.igdb.com/games/psychonauts,Batch 09: 50 manually curated pre-2005 protagonists from the second IGDB-derived corpus. Suggested archetypes are pre-annotations only; final labels should come from validation.,not_validated,named_or_defined_protagonist,Magician,Jester,0.85,"Raz’s psychic mind-travel is transformative, while the tone and performance are comic.",https://www.igdb.com/games/psychonauts,,igdb_pre2005_key_games,09_pre2005_50,Which archetypes best describe Razputin Aquato in Psychonauts (2005)?,True,,Psychonauts,Razputin Aquato,Psychonauts (2005),Razputin Aquato,Razputin Aquato — Psychonauts (2005),Which archetypes best describe Razputin Aquato in Psychonauts (2005)?,Razputin Aquato,Razputin Aquato,Psychonauts (2005): psychic child entering minds at a summer camp,True,False,1339,2005,Psychonauts,2005
